標題,連結
星展饗樂生活卡指南｜星展饗樂生活卡好用嗎？優惠回饋和使用心得一次看！,https://roo.cash/blog/dbs-citi-life-creditcard/
涓豆腐信用卡懶人包》2025 刷對卡送黃金豆腐，一起看菜單與經典必吃菜色！,https://roo.cash/blog/dubu-house-credit-card/
自由工作者信用卡全攻略》自由工作者如何成功辦卡？簡單小撇步一次看！,https://roo.cash/blog/freelancer-creditcard-apply-article/
醫院刷卡懶人包》醫院可以刷卡嗎？醫指付注意事項、刷卡優惠與合作醫院整理,https://roo.cash/blog/hospital-credit-card-notice/
NET 信用卡懶人包》NET 購物刷哪張最優惠？高回饋信用卡一次看！,https://roo.cash/blog/net-credit-cards/
宜得利信用卡懶人包》逛宜得利刷哪張卡最優惠？信用卡推薦與活動優惠一次看！,https://roo.cash/blog/nitori-credit-card/
頂級卡比較全指南｜3 分鐘看懂頂級卡差異、優點與適合客群！,https://roo.cash/blog/premier-credit-card-recommend/
航空聯名卡與哩程卡差在哪？航空聯名卡、哩程卡推薦與優缺點一把抓！,https://roo.cash/blog/travel-co-brand-mileage-card-comparison/
音樂串流平台信用卡推薦｜Spotify、KKBOX、Apple Music 比較，選對卡輕鬆享回饋,https://roo.cash/blog/music-platform-creditcard-recommendation/
綠色信用卡懶人包》綠色通路與信用卡回饋一次看，環保永續選對卡更輕鬆！,https://roo.cash/blog/green-credit-cards/
Disney+ 信用卡指南｜Disney+ 訂閱刷對信用卡輕鬆享回饋！,https://roo.cash/blog/disney-plus-card-recommendation/
Spotify 信用卡總攻略》訂閱刷哪張最划算？ Spotify 高回饋信用卡一次看！,https://roo.cash/blog/spotify-creditcard-recommendations/
Steam 信用卡懶人包》2025 高回饋 Steam 信用卡與省錢小妙招一把抓！,https://roo.cash/blog/steam-credit-card-cashback/
國內旅遊信用卡懶人包》2025 國內住宿、旅遊、交通信用卡選對讓你邊玩邊賺！,https://roo.cash/blog/taiwan-travel-creditcard-recommendation/
影音平台信用卡總指南｜Netflix、Disney+、Spotify……影音串流刷對卡輕鬆賺回饋,https://roo.cash/blog/video-platform-creditcard-comparison/
越南信用卡總整理》越南旅遊萬用信用卡有哪張？匯率與注意事項一次看！,https://roo.cash/blog/vietnam-travel-credit-card/
信用卡一般消費不包含哪些項目？讀懂一般消費的意涵，讓你輕鬆賺回饋！,https://roo.cash/blog/creditcard-general-consumption/
信用卡授權失敗全指南｜失敗原因有哪些？輕鬆看懂卡片狀態與銀行系統的關聯！,https://roo.cash/blog/credit-cards-declined/
開車族信用卡懶人包》開車必備，汽車加油、汽車保養、充電消費回饋一卡搞定！,https://roo.cash/blog/car-owner-creditcard-recommendation/
星巴克儲值信用卡懶人包》選對信用卡搭配行動支付與隨行卡，輕鬆享優惠！,https://roo.cash/blog/starbucks-deposit-credit-cards/
支付寶信用卡懶人包》支付寶適合誰？綁定消費就有高回饋的信用卡一次看！,https://roo.cash/blog/alipay-taiwan-card-article/
skm pay 全攻略》使用教學與高回饋信用卡推薦一次看！,https://roo.cash/blog/anniversary-skm-pay/
18 歲可以辦信用卡嗎？學生辦卡該注意什麼？成年推薦申辦的信用卡一次看！,https://roo.cash/blog/18-years-old-creditcard/
首刷禮行李箱總整理》2025 哪些信用卡首刷禮有行李箱？行李箱限定通路資訊一次看,https://roo.cash/blog/credit-card-welcome-gift-suitcase/
滙豐首刷禮懶人包》滙豐新卡友消費滿額享行李箱、吸塵器等好禮多選一！,https://roo.cash/blog/hsbc-credit-card-flashsale/
歐洲信用卡推薦全指南｜2025 年歐盟消費高回饋信用卡與退稅注意事項一次看,https://roo.cash/blog/europe-credit-cards/
淘寶信用卡全指南｜2025 淘寶購物怎麼省手續費？三大秘訣與萬用神卡一次看！,https://roo.cash/blog/taobao-credit-card/
OnlyFans 信用卡推薦！OnlyFans能用哪些信用卡？優惠一次看！,https://roo.cash/blog/onlyfans-credit-card-article/
NCCC 小額支付平台是什麼？哪裡能用？哪些信用卡有？,https://roo.cash/blog/nccc-micro-payment-article/
2025 YouTube Premium 信用卡推薦！優惠、訂閱方案資訊一次看,https://roo.cash/blog/youtube-premium-intro/
2025 信用卡推薦 》 6 張神卡辦了不後悔！最新年度信用卡回饋看過來,https://roo.cash/blog/creditcard-recommendation/
2025 房屋稅信用卡推薦》房屋稅信用卡優惠/分期、行動支付優惠總整理,https://roo.cash/blog/house-tax/
【不斷更新】2025 全台所得稅信用卡總整理！所得稅回饋優惠看這篇就夠！,https://roo.cash/blog/income-tax/
紅利點數信用卡推薦總覽》2025 最推薦紅利點數信用卡一次整理！選對卡輕鬆享點數回饋！,https://roo.cash/blog/bonus-points-creditcard-recommendation/
信用卡刷退全攻略》信用卡刷退怎麼辦理？刷退流程與必知注意事項一把抓！,https://roo.cash/blog/back-on-credit-card/
信用卡年費指南｜該不該辦要繳信用卡年費的卡？減免信用卡年費小撇步一次看！,https://roo.cash/blog/annual-fee/
UberEats 信用卡總指南｜2025 UberEats 優惠資訊、優饗方案、信用卡推薦全攻略！,https://roo.cash/blog/ubereats-creditcard-recommendation/
聯邦吉鶴卡權益懶人包》2025 聯邦吉鶴卡日本消費最高 4% 回饋、年費、首刷禮一次看！,https://roo.cash/blog/ub-jihocard/
信用卡繳第四台懶人包》2025 有線電視繳費信用卡刷哪張？精選五大高回饋信用卡！,https://roo.cash/blog/tv-credit-card-article/
旅展信用卡懶人包》2025 最新 ITF 旅展信用卡刷哪張？精選 信用卡推薦！,https://roo.cash/blog/travel-fair-credit-cards-discount-article/
台灣 Pay 信用卡全指南｜台灣 Pay 該用哪張卡？熱門台灣 Pay 信用卡一次看！,https://roo.cash/blog/taiwanpay-credit-card/
【不斷更新】2025 繳稅信用卡懶人包！全台銀行信用卡繳稅活動都在這,https://roo.cash/blog/tax-creditcard-recommendation/
2025 百貨信用卡懶人包》微風／101／新光三越信用卡回饋總整理！,https://roo.cash/blog/taipei-101-credit-card/
壽司郎信用卡全指南｜吃壽司郎刷什麼卡？壽司郎高回饋信用卡、菜單一次看！,https://roo.cash/blog/sushiro-credit-card/
爭鮮信用卡懶人包》刷對卡吃壽司輕鬆賺回饋，爭鮮信用卡、菜單一次看！,https://roo.cash/blog/sushi-express-credit-cards/
新光銀行核卡總指南｜申辦新光信用卡時該注意什麼？熱門信用卡回饋一次看！,https://roo.cash/blog/skb-credit-card-verification/
寵物險信用卡懶人包》2025 最新寵物險信用卡優惠資訊，信用卡優惠總整理！,https://roo.cash/blog/pet-insurance-creditcard-promotion/
信用卡繳罰鍰懶人包》繳罰單可以用信用卡嗎？信用卡繳罰鍰注意事項一次看！,https://roo.cash/blog/penalty-creditcard-recommendation/
海外消費信用卡全指南｜2025 海外消費信用卡推薦，出國、網購、訂閱輕鬆享高回饋！,https://roo.cash/blog/overseas-spending-creditcard-recommendation/
網購信用卡懶人包》2025 網購信用卡推薦，網購必備高回饋神卡優惠總整理！,https://roo.cash/blog/online-shopping-creditcard-comparison/
新鮮人信用卡懶人包》畢業第一張信用卡怎麼選？高回饋信用卡用對，小白也能輕鬆賺回饋！,https://roo.cash/blog/new-graduate-card-recommendation/
欣葉信用卡優惠總覽｜欣葉精選信用卡優惠，讓你吃得划算又滿足！,https://roo.cash/blog/nagomi-shinyeh-credit-cards/
秀泰信用卡懶人包》2025 秀泰影城信用卡推薦、專屬訂票優惠一次看！,https://roo.cash/blog/movie-showtime-cinemas-card/
英雄聯盟簽帳金融卡懶人包》快速了解中信英雄聯盟卡比較與其他替補簽帳金融卡推薦！,https://roo.cash/blog/lol-debit-card/
藏壽司信用卡懶人包》吃藏壽司刷哪張信用卡回饋最高？藏壽司信用卡、菜單一次看！,https://roo.cash/blog/kura-sush-credit-cardi/
精省達人理享人生推薦指南｜數位帳戶搭配信用卡怎麼用最划算？達人不藏私一次告訴你,https://roo.cash/blog/kol-lixiang-life-creditcard-digital-account/
Happy Go Pay 全指南｜Happy Go Pay 綁卡步驟、信用卡推薦一次看！,https://roo.cash/blog/happygopay-creditcard-recommend/
2025 牌照稅信用卡優惠》繳牌照稅刷哪張最划算？信用卡繳稅回饋、分期優惠一次看！,https://roo.cash/blog/license-tax-creditcard-recommendation/
Hami Pay 信用卡懶人包》Hami Pay 怎麼用？信用卡與通路推薦一次看！,https://roo.cash/blog/hamipay-creditcard/
Google Pay 信用卡推薦》Google Pay 好用嗎？精選 5 張高回饋 Google Pay 神卡！,https://roo.cash/blog/google-pay-credit-card/
石二鍋可以刷卡嗎？石二鍋／12 mini／聚火鍋菜單與信用卡優惠總整理！,https://roo.cash/blog/giguo-12hotpot-12mini-creditcard-remommendations/
Garmin Pay 全指南｜Garmin Pay 合作銀行與支援卡片一覽，通勤支付一錶搞定！,https://roo.cash/blog/garmin-pay/
富邦 J 卡旅平險懶人包》富邦 J 卡回饋詳細介紹與旅平險權益一次看！,https://roo.cash/blog/fubon-j-credit-card-travel-insurance-article/
星展 eco 永續卡總整理》星展 eco 永續卡回饋權益一次看！,https://roo.cash/blog/dbs-eco-card-change/
信用卡等級懶人包》信用卡等級差異一次看，簡單兩步驟挑選適合的信用卡！,https://roo.cash/blog/creditcard-ranking-article/
中國信託核卡全指南｜申辦中信信用卡要注意什麼？注意事項和熱門信用卡一次看,https://roo.cash/blog/ctbc-creditcard-verification/
PChome vs. Pi 拍錢包 P 幣》兩者的 P 幣差在哪？轉換、折抵、推薦信用卡一次看,https://roo.cash/blog/pchome-pi-comparison/
超商繳費刷卡全指南｜超商繳費怎麼刷卡？4 大超商繳費項目與支付工具總整理！,https://roo.cash/blog/convenience-store-creditcard-collection-and-payment/
國泰信用卡審核懶人包》國泰核卡 3 大重點與熱門信用卡一次看！,https://roo.cash/blog/cub-credit-card-verification/
信用卡繳卡費懶人包》跨卡繳費可以嗎？遲繳卡費怎麼辦？信用卡繳卡費省下麻煩！,https://roo.cash/blog/credit-card-bill/
電信費信用卡懶人包》2025 3 大電信費信用卡推薦，回饋優惠一把抓！,https://roo.cash/blog/mobilebill-creditcard-recommendation/
國泰 CUBE 卡最新權益懶人包》完成任務最優享 10% 回饋！適用通路、回饋 % 數一次看！,https://roo.cash/blog/cub-cube-card-introduction/
PChomePay 支付連全解析｜PChomePay 支付連是什麼？推薦綁定信用卡一次看！,https://roo.cash/blog/pchome-pay/
麥當勞行動支付總指南｜行動支付用法與綁定推薦信用卡，吃飽也能輕鬆賺飽飽！,https://roo.cash/blog/mcdonalds-mobile-payment-recommendation/
路易莎信用卡懶人包》路易莎信用卡推薦，刷對卡輕鬆享高回饋！,https://roo.cash/blog/louisacoffee-creditcard/
大賣場信用卡懶人包》大潤發、Costco、家樂福信用卡就刷這張！刷對卡輕鬆享回饋,https://roo.cash/blog/hypermarket-cashback-creditcard-comparison/
新北行動支付 NewTaiPAY 懶人包》合作通路、支付方式、新北幣取得與使用方法一次看！,https://roo.cash/blog/new-tai-pay/
台新信用卡審核懶人包》申辦台新信用卡必知 3 件事！熱門卡片一把抓！,https://roo.cash/blog/taishin-credit-card-verification/
Samsung Pay 信用卡懶人包》高回饋信用卡、Samsung Wallet 優惠一次看！,https://roo.cash/blog/samsung-pay/
簽帳金融卡推薦總指南｜學生、小資族必備的簽帳金融卡，高回饋優惠一次看！,https://roo.cash/blog/debit-card-recommendation/
家樂福信用卡懶人包》2025 家樂福刷哪張卡最划算？優惠／回饋活動一次看！,https://roo.cash/blog/carrefour-creditcard-recommendation/
全國電子信用卡懶人包》刷對卡購物輕鬆享回饋，全國電子刷卡優惠看這邊！,https://roo.cash/blog/elifemall-creditcard/
2025 LINE BANK 快點卡回饋攻略》LINE BANK 快點卡與 LINE Pay 金融卡比較一次看！,https://roo.cash/blog/line-bank-debit-card-introduction/
長榮航空哩程信用卡懶人包》出國搭長榮航空怎麼刷最划算？3 分鐘就看懂！,https://roo.cash/blog/evaair-mileage-card-introduction/
繳保險信用卡懶人包》2025 繳保費刷對卡輕鬆享高優惠與回饋！,https://roo.cash/blog/card-insurance-cashback/
信用卡剪卡全指南｜剪完卡就能成功註銷嗎？剪卡前必知事項一次看！,https://roo.cash/blog/cut-up-credit-card/
IKEA 信用卡懶人包》IKEA 購物刷哪張？刷對卡輕鬆用小錢打造夢想家居！,https://roo.cash/blog/ikea-credit-cards/
信用卡現金回饋全指南｜現金回饋是什麼？各回饋方式信用卡介紹、挑卡重點一次看！,https://roo.cash/blog/cashback-introduction/
第一銀行核卡全指南｜一銀核卡必知 3 件事！熱門卡片與申請心得一次看,https://roo.cash/blog/first-credit-card-verification/
富邦信用卡熱門排行榜》2025 富邦熱門高回饋神卡一次看！,https://roo.cash/blog/fubon-credit-card-recommendation/
中油聯名卡總整理》中油聯名卡好嗎？輕鬆學會如何拿 6.8% 超高回饋！,https://roo.cash/blog/ctbc-cpc-card-introduction/
香港信用卡懶人包》2025 香港信用卡推薦，遊港必備神卡一次看！,https://roo.cash/blog/hongkong-travel-credit-card-article/
玉山銀行核卡總指南｜玉山核卡該注意什麼？熱門卡片一次看！,https://roo.cash/blog/e-sun-credit-card-verification/
信用卡盜刷懶人包》信用卡被盜刷怎麼辦？被盜刷處理方式與預防方法一次看！,https://roo.cash/blog/fradulent-card-charges/
水電瓦斯信用卡懶人包》刷對信用卡，繳水電瓦斯費也能輕鬆賺回饋！,https://roo.cash/blog/electricitybill-and-phonebill-cashback-creditcard/
日本行動支付懶人包》2025 日本行動支付有哪些？綁對卡與行動支付輕鬆賺回饋,https://roo.cash/blog/japan-mobilepayment/
威秀影城信用卡全指南｜威秀高回饋信用卡與優惠購票資訊懶人包！,https://roo.cash/blog/movie-vieshow-cinemas-creditcard/
現金回饋信用卡懶人包》2025 現金回饋信用卡優惠攻略一次看，筆筆輕鬆賺回饋！,https://roo.cash/blog/cashback-creditcard-recommendation/
燦坤信用卡懶人包》2025 燦坤信用卡最詳細優惠整理，最高 5% 回饋輕鬆賺！,https://roo.cash/blog/tk3c-credit-cards/
電信聯名卡總評｜台灣大哥大／遠傳 friday／中華電信聯名卡回饋一次看！,https://roo.cash/blog/telecom-creditcard/
