標題,連結,分類
星展饗樂生活卡指南｜星展饗樂生活卡好用嗎？優惠回饋和使用心得一次看！,https://roo.cash/blog/dbs-citi-life-creditcard/,roo-creditcard
涓豆腐信用卡懶人包》2025 刷對卡送黃金豆腐，一起看菜單與經典必吃菜色！,https://roo.cash/blog/dubu-house-credit-card/,roo-creditcard
自由工作者信用卡全攻略》自由工作者如何成功辦卡？簡單小撇步一次看！,https://roo.cash/blog/freelancer-creditcard-apply-article/,roo-creditcard
醫院刷卡懶人包》醫院可以刷卡嗎？醫指付注意事項、刷卡優惠與合作醫院整理,https://roo.cash/blog/hospital-credit-card-notice/,roo-creditcard
NET 信用卡懶人包》NET 購物刷哪張最優惠？高回饋信用卡一次看！,https://roo.cash/blog/net-credit-cards/,roo-creditcard
宜得利信用卡懶人包》逛宜得利刷哪張卡最優惠？信用卡推薦與活動優惠一次看！,https://roo.cash/blog/nitori-credit-card/,roo-creditcard
頂級卡比較全指南｜3 分鐘看懂頂級卡差異、優點與適合客群！,https://roo.cash/blog/premier-credit-card-recommend/,roo-creditcard
航空聯名卡與哩程卡差在哪？航空聯名卡、哩程卡推薦與優缺點一把抓！,https://roo.cash/blog/travel-co-brand-mileage-card-comparison/,roo-creditcard
音樂串流平台信用卡推薦｜Spotify、KKBOX、Apple Music 比較，選對卡輕鬆享回饋,https://roo.cash/blog/music-platform-creditcard-recommendation/,roo-creditcard
綠色信用卡懶人包》綠色通路與信用卡回饋一次看，環保永續選對卡更輕鬆！,https://roo.cash/blog/green-credit-cards/,roo-creditcard
Disney+ 信用卡指南｜Disney+ 訂閱刷對信用卡輕鬆享回饋！,https://roo.cash/blog/disney-plus-card-recommendation/,roo-creditcard
Spotify 信用卡總攻略》訂閱刷哪張最划算？ Spotify 高回饋信用卡一次看！,https://roo.cash/blog/spotify-creditcard-recommendations/,roo-creditcard
Steam 信用卡懶人包》2025 高回饋 Steam 信用卡與省錢小妙招一把抓！,https://roo.cash/blog/steam-credit-card-cashback/,roo-creditcard
國內旅遊信用卡懶人包》2025 國內住宿、旅遊、交通信用卡選對讓你邊玩邊賺！,https://roo.cash/blog/taiwan-travel-creditcard-recommendation/,roo-creditcard
影音平台信用卡總指南｜Netflix、Disney+、Spotify……影音串流刷對卡輕鬆賺回饋,https://roo.cash/blog/video-platform-creditcard-comparison/,roo-creditcard
越南信用卡總整理》越南旅遊萬用信用卡有哪張？匯率與注意事項一次看！,https://roo.cash/blog/vietnam-travel-credit-card/,roo-creditcard
信用卡一般消費不包含哪些項目？讀懂一般消費的意涵，讓你輕鬆賺回饋！,https://roo.cash/blog/creditcard-general-consumption/,roo-creditcard
信用卡授權失敗全指南｜失敗原因有哪些？輕鬆看懂卡片狀態與銀行系統的關聯！,https://roo.cash/blog/credit-cards-declined/,roo-creditcard
開車族信用卡懶人包》開車必備，汽車加油、汽車保養、充電消費回饋一卡搞定！,https://roo.cash/blog/car-owner-creditcard-recommendation/,roo-creditcard
星巴克儲值信用卡懶人包》選對信用卡搭配行動支付與隨行卡，輕鬆享優惠！,https://roo.cash/blog/starbucks-deposit-credit-cards/,roo-creditcard
支付寶信用卡懶人包》支付寶適合誰？綁定消費就有高回饋的信用卡一次看！,https://roo.cash/blog/alipay-taiwan-card-article/,roo-creditcard
skm pay 全攻略》使用教學與高回饋信用卡推薦一次看！,https://roo.cash/blog/anniversary-skm-pay/,roo-creditcard
18 歲可以辦信用卡嗎？學生辦卡該注意什麼？成年推薦申辦的信用卡一次看！,https://roo.cash/blog/18-years-old-creditcard/,roo-creditcard
首刷禮行李箱總整理》2025 哪些信用卡首刷禮有行李箱？行李箱限定通路資訊一次看,https://roo.cash/blog/credit-card-welcome-gift-suitcase/,roo-creditcard
滙豐首刷禮懶人包》滙豐新卡友消費滿額享行李箱、吸塵器等好禮多選一！,https://roo.cash/blog/hsbc-credit-card-flashsale/,roo-creditcard
歐洲信用卡推薦全指南｜2025 年歐盟消費高回饋信用卡與退稅注意事項一次看,https://roo.cash/blog/europe-credit-cards/,roo-creditcard
淘寶信用卡全指南｜2025 淘寶購物怎麼省手續費？三大秘訣與萬用神卡一次看！,https://roo.cash/blog/taobao-credit-card/,roo-creditcard
OnlyFans 信用卡推薦！OnlyFans能用哪些信用卡？優惠一次看！,https://roo.cash/blog/onlyfans-credit-card-article/,roo-creditcard
NCCC 小額支付平台是什麼？哪裡能用？哪些信用卡有？,https://roo.cash/blog/nccc-micro-payment-article/,roo-creditcard
2025 YouTube Premium 信用卡推薦！優惠、訂閱方案資訊一次看,https://roo.cash/blog/youtube-premium-intro/,roo-creditcard
2025 信用卡推薦 》 6 張神卡辦了不後悔！最新年度信用卡回饋看過來,https://roo.cash/blog/creditcard-recommendation/,roo-creditcard
2025 房屋稅信用卡推薦》房屋稅信用卡優惠/分期、行動支付優惠總整理,https://roo.cash/blog/house-tax/,roo-creditcard
【不斷更新】2025 全台所得稅信用卡總整理！所得稅回饋優惠看這篇就夠！,https://roo.cash/blog/income-tax/,roo-creditcard
紅利點數信用卡推薦總覽》2025 最推薦紅利點數信用卡一次整理！選對卡輕鬆享點數回饋！,https://roo.cash/blog/bonus-points-creditcard-recommendation/,roo-creditcard
信用卡刷退全攻略》信用卡刷退怎麼辦理？刷退流程與必知注意事項一把抓！,https://roo.cash/blog/back-on-credit-card/,roo-creditcard
信用卡年費指南｜該不該辦要繳信用卡年費的卡？減免信用卡年費小撇步一次看！,https://roo.cash/blog/annual-fee/,roo-creditcard
UberEats 信用卡總指南｜2025 UberEats 優惠資訊、優饗方案、信用卡推薦全攻略！,https://roo.cash/blog/ubereats-creditcard-recommendation/,roo-creditcard
聯邦吉鶴卡權益懶人包》2025 聯邦吉鶴卡日本消費最高 4% 回饋、年費、首刷禮一次看！,https://roo.cash/blog/ub-jihocard/,roo-creditcard
信用卡繳第四台懶人包》2025 有線電視繳費信用卡刷哪張？精選五大高回饋信用卡！,https://roo.cash/blog/tv-credit-card-article/,roo-creditcard
旅展信用卡懶人包》2025 最新 ITF 旅展信用卡刷哪張？精選 信用卡推薦！,https://roo.cash/blog/travel-fair-credit-cards-discount-article/,roo-creditcard
台灣 Pay 信用卡全指南｜台灣 Pay 該用哪張卡？熱門台灣 Pay 信用卡一次看！,https://roo.cash/blog/taiwanpay-credit-card/,roo-creditcard
【不斷更新】2025 繳稅信用卡懶人包！全台銀行信用卡繳稅活動都在這,https://roo.cash/blog/tax-creditcard-recommendation/,roo-creditcard
2025 百貨信用卡懶人包》微風／101／新光三越信用卡回饋總整理！,https://roo.cash/blog/taipei-101-credit-card/,roo-creditcard
壽司郎信用卡全指南｜吃壽司郎刷什麼卡？壽司郎高回饋信用卡、菜單一次看！,https://roo.cash/blog/sushiro-credit-card/,roo-creditcard
爭鮮信用卡懶人包》刷對卡吃壽司輕鬆賺回饋，爭鮮信用卡、菜單一次看！,https://roo.cash/blog/sushi-express-credit-cards/,roo-creditcard
新光銀行核卡總指南｜申辦新光信用卡時該注意什麼？熱門信用卡回饋一次看！,https://roo.cash/blog/skb-credit-card-verification/,roo-creditcard
寵物險信用卡懶人包》2025 最新寵物險信用卡優惠資訊，信用卡優惠總整理！,https://roo.cash/blog/pet-insurance-creditcard-promotion/,roo-creditcard
信用卡繳罰鍰懶人包》繳罰單可以用信用卡嗎？信用卡繳罰鍰注意事項一次看！,https://roo.cash/blog/penalty-creditcard-recommendation/,roo-creditcard
海外消費信用卡全指南｜2025 海外消費信用卡推薦，出國、網購、訂閱輕鬆享高回饋！,https://roo.cash/blog/overseas-spending-creditcard-recommendation/,roo-creditcard
網購信用卡懶人包》2025 網購信用卡推薦，網購必備高回饋神卡優惠總整理！,https://roo.cash/blog/online-shopping-creditcard-comparison/,roo-creditcard
新鮮人信用卡懶人包》畢業第一張信用卡怎麼選？高回饋信用卡用對，小白也能輕鬆賺回饋！,https://roo.cash/blog/new-graduate-card-recommendation/,roo-creditcard
欣葉信用卡優惠總覽｜欣葉精選信用卡優惠，讓你吃得划算又滿足！,https://roo.cash/blog/nagomi-shinyeh-credit-cards/,roo-creditcard
秀泰信用卡懶人包》2025 秀泰影城信用卡推薦、專屬訂票優惠一次看！,https://roo.cash/blog/movie-showtime-cinemas-card/,roo-creditcard
英雄聯盟簽帳金融卡懶人包》快速了解中信英雄聯盟卡比較與其他替補簽帳金融卡推薦！,https://roo.cash/blog/lol-debit-card/,roo-creditcard
藏壽司信用卡懶人包》吃藏壽司刷哪張信用卡回饋最高？藏壽司信用卡、菜單一次看！,https://roo.cash/blog/kura-sush-credit-cardi/,roo-creditcard
精省達人理享人生推薦指南｜數位帳戶搭配信用卡怎麼用最划算？達人不藏私一次告訴你,https://roo.cash/blog/kol-lixiang-life-creditcard-digital-account/,roo-creditcard
Happy Go Pay 全指南｜Happy Go Pay 綁卡步驟、信用卡推薦一次看！,https://roo.cash/blog/happygopay-creditcard-recommend/,roo-creditcard
2025 牌照稅信用卡優惠》繳牌照稅刷哪張最划算？信用卡繳稅回饋、分期優惠一次看！,https://roo.cash/blog/license-tax-creditcard-recommendation/,roo-creditcard
Hami Pay 信用卡懶人包》Hami Pay 怎麼用？信用卡與通路推薦一次看！,https://roo.cash/blog/hamipay-creditcard/,roo-creditcard
Google Pay 信用卡推薦》Google Pay 好用嗎？精選 5 張高回饋 Google Pay 神卡！,https://roo.cash/blog/google-pay-credit-card/,roo-creditcard
石二鍋可以刷卡嗎？石二鍋／12 mini／聚火鍋菜單與信用卡優惠總整理！,https://roo.cash/blog/giguo-12hotpot-12mini-creditcard-remommendations/,roo-creditcard
Garmin Pay 全指南｜Garmin Pay 合作銀行與支援卡片一覽，通勤支付一錶搞定！,https://roo.cash/blog/garmin-pay/,roo-creditcard
富邦 J 卡旅平險懶人包》富邦 J 卡回饋詳細介紹與旅平險權益一次看！,https://roo.cash/blog/fubon-j-credit-card-travel-insurance-article/,roo-creditcard
星展 eco 永續卡總整理》星展 eco 永續卡回饋權益一次看！,https://roo.cash/blog/dbs-eco-card-change/,roo-creditcard
信用卡等級懶人包》信用卡等級差異一次看，簡單兩步驟挑選適合的信用卡！,https://roo.cash/blog/creditcard-ranking-article/,roo-creditcard
中國信託核卡全指南｜申辦中信信用卡要注意什麼？注意事項和熱門信用卡一次看,https://roo.cash/blog/ctbc-creditcard-verification/,roo-creditcard
PChome vs. Pi 拍錢包 P 幣》兩者的 P 幣差在哪？轉換、折抵、推薦信用卡一次看,https://roo.cash/blog/pchome-pi-comparison/,roo-creditcard
超商繳費刷卡全指南｜超商繳費怎麼刷卡？4 大超商繳費項目與支付工具總整理！,https://roo.cash/blog/convenience-store-creditcard-collection-and-payment/,roo-creditcard
國泰信用卡審核懶人包》國泰核卡 3 大重點與熱門信用卡一次看！,https://roo.cash/blog/cub-credit-card-verification/,roo-creditcard
信用卡繳卡費懶人包》跨卡繳費可以嗎？遲繳卡費怎麼辦？信用卡繳卡費省下麻煩！,https://roo.cash/blog/credit-card-bill/,roo-creditcard
電信費信用卡懶人包》2025 3 大電信費信用卡推薦，回饋優惠一把抓！,https://roo.cash/blog/mobilebill-creditcard-recommendation/,roo-creditcard
國泰 CUBE 卡最新權益懶人包》完成任務最優享 10% 回饋！適用通路、回饋 % 數一次看！,https://roo.cash/blog/cub-cube-card-introduction/,roo-creditcard
PChomePay 支付連全解析｜PChomePay 支付連是什麼？推薦綁定信用卡一次看！,https://roo.cash/blog/pchome-pay/,roo-creditcard
麥當勞行動支付總指南｜行動支付用法與綁定推薦信用卡，吃飽也能輕鬆賺飽飽！,https://roo.cash/blog/mcdonalds-mobile-payment-recommendation/,roo-creditcard
路易莎信用卡懶人包》路易莎信用卡推薦，刷對卡輕鬆享高回饋！,https://roo.cash/blog/louisacoffee-creditcard/,roo-creditcard
大賣場信用卡懶人包》大潤發、Costco、家樂福信用卡就刷這張！刷對卡輕鬆享回饋,https://roo.cash/blog/hypermarket-cashback-creditcard-comparison/,roo-creditcard
新北行動支付 NewTaiPAY 懶人包》合作通路、支付方式、新北幣取得與使用方法一次看！,https://roo.cash/blog/new-tai-pay/,roo-creditcard
台新信用卡審核懶人包》申辦台新信用卡必知 3 件事！熱門卡片一把抓！,https://roo.cash/blog/taishin-credit-card-verification/,roo-creditcard
Samsung Pay 信用卡懶人包》高回饋信用卡、Samsung Wallet 優惠一次看！,https://roo.cash/blog/samsung-pay/,roo-creditcard
簽帳金融卡推薦總指南｜學生、小資族必備的簽帳金融卡，高回饋優惠一次看！,https://roo.cash/blog/debit-card-recommendation/,roo-creditcard
家樂福信用卡懶人包》2025 家樂福刷哪張卡最划算？優惠／回饋活動一次看！,https://roo.cash/blog/carrefour-creditcard-recommendation/,roo-creditcard
全國電子信用卡懶人包》刷對卡購物輕鬆享回饋，全國電子刷卡優惠看這邊！,https://roo.cash/blog/elifemall-creditcard/,roo-creditcard
2025 LINE BANK 快點卡回饋攻略》LINE BANK 快點卡與 LINE Pay 金融卡比較一次看！,https://roo.cash/blog/line-bank-debit-card-introduction/,roo-creditcard
長榮航空哩程信用卡懶人包》出國搭長榮航空怎麼刷最划算？3 分鐘就看懂！,https://roo.cash/blog/evaair-mileage-card-introduction/,roo-creditcard
繳保險信用卡懶人包》2025 繳保費刷對卡輕鬆享高優惠與回饋！,https://roo.cash/blog/card-insurance-cashback/,roo-creditcard
信用卡剪卡全指南｜剪完卡就能成功註銷嗎？剪卡前必知事項一次看！,https://roo.cash/blog/cut-up-credit-card/,roo-creditcard
IKEA 信用卡懶人包》IKEA 購物刷哪張？刷對卡輕鬆用小錢打造夢想家居！,https://roo.cash/blog/ikea-credit-cards/,roo-creditcard
信用卡現金回饋全指南｜現金回饋是什麼？各回饋方式信用卡介紹、挑卡重點一次看！,https://roo.cash/blog/cashback-introduction/,roo-creditcard
第一銀行核卡全指南｜一銀核卡必知 3 件事！熱門卡片與申請心得一次看,https://roo.cash/blog/first-credit-card-verification/,roo-creditcard
富邦信用卡熱門排行榜》2025 富邦熱門高回饋神卡一次看！,https://roo.cash/blog/fubon-credit-card-recommendation/,roo-creditcard
中油聯名卡總整理》中油聯名卡好嗎？輕鬆學會如何拿 6.8% 超高回饋！,https://roo.cash/blog/ctbc-cpc-card-introduction/,roo-creditcard
香港信用卡懶人包》2025 香港信用卡推薦，遊港必備神卡一次看！,https://roo.cash/blog/hongkong-travel-credit-card-article/,roo-creditcard
玉山銀行核卡總指南｜玉山核卡該注意什麼？熱門卡片一次看！,https://roo.cash/blog/e-sun-credit-card-verification/,roo-creditcard
信用卡盜刷懶人包》信用卡被盜刷怎麼辦？被盜刷處理方式與預防方法一次看！,https://roo.cash/blog/fradulent-card-charges/,roo-creditcard
水電瓦斯信用卡懶人包》刷對信用卡，繳水電瓦斯費也能輕鬆賺回饋！,https://roo.cash/blog/electricitybill-and-phonebill-cashback-creditcard/,roo-creditcard
日本行動支付懶人包》2025 日本行動支付有哪些？綁對卡與行動支付輕鬆賺回饋,https://roo.cash/blog/japan-mobilepayment/,roo-creditcard
威秀影城信用卡全指南｜威秀高回饋信用卡與優惠購票資訊懶人包！,https://roo.cash/blog/movie-vieshow-cinemas-creditcard/,roo-creditcard
現金回饋信用卡懶人包》2025 現金回饋信用卡優惠攻略一次看，筆筆輕鬆賺回饋！,https://roo.cash/blog/cashback-creditcard-recommendation/,roo-creditcard
燦坤信用卡懶人包》2025 燦坤信用卡最詳細優惠整理，最高 5% 回饋輕鬆賺！,https://roo.cash/blog/tk3c-credit-cards/,roo-creditcard
電信聯名卡總評｜台灣大哥大／遠傳 friday／中華電信聯名卡回饋一次看！,https://roo.cash/blog/telecom-creditcard/,roo-creditcard
循環型信貸全攻略》一次看懂循環型信貸優缺點與注意事項，輕鬆避開循環信貸陷阱！,https://roo.cash/blog/revolving-loan/,roo-loan
遠東商銀循環型貸款完整解析！利率、手續費以及方案特色,https://roo.cash/blog/feib-loan-intro-corp/,roo-loan
青農貸款懶人包》青農貸款如何申請？青農貸款／補助申請條件與流程一把抓,https://roo.cash/blog/youth-farmland-loan/,roo-loan
信貸客服專線總整理》2025 各家銀行信貸客服專線清單一次看！,https://roo.cash/blog/loan-customer-service-hotline/,roo-loan
央行升息房貸詳解》升息後利率變高了怎麼辦？房貸族必讀試算公式與轉貸建議,https://roo.cash/blog/loan-increasing-interest-mortgage-loan/,roo-loan
中信信貸 vs. 國泰信貸全攻略》中信、國泰信貸方案詳細資訊一次看,https://roo.cash/blog/ctbc-vs-cathay/,roo-loan
APR 是什麼？總費用年百分率怎麼算？APR 使用重點和試算方法一次看！,https://roo.cash/blog/apr/,roo-loan
國泰信貸 vs. 玉山信貸全指南｜3 分鐘看懂國泰、玉山個人信貸方案詳細資訊！,https://roo.cash/blog/cathay-vs-esun/,roo-loan
最詳細信貸利率指南｜信貸利率怎麼算？利率影響因素和試算比較教學一次看,https://roo.cash/blog/how-to-calculate-loan-rate/,roo-loan
王道信貸 vs. 國泰信貸懶人包》3 分鐘輕鬆看懂兩者產品特色與方案資訊！,https://roo.cash/blog/obank-vs-cathay/,roo-loan
裝潢貸款總指南｜2025 老屋新屋裝潢資金哪裡找？銀行與政府裝潢貸款一次看！,https://roo.cash/blog/interior-decoration-loan/,roo-loan
貸款利率全指南｜平均貸款利率是多少？影響貸款利率的因素一次看懂！,https://roo.cash/blog/loan-rates-calculation/,roo-loan
繳稅貸款全指南｜2025 繳稅貸款有哪些？繳稅貸款推薦與挑選攻略一次看！,https://roo.cash/blog/tax-loan/,roo-loan
凱基信貸總整理》凱基一般信貸與額度型貸款方案資訊與比較一次看！,https://roo.cash/blog/kgibank-loan/,roo-loan
政府貸款懶人包》政府貸款／補助申請條件與流程一把抓！,https://roo.cash/blog/government-loan/,roo-loan
中國信託信貸總整理》中信信貸好過嗎？信貸產品比較一次看！,https://roo.cash/blog/ctbc-credit-loan/,roo-loan
保人條件懶人包》保人是什麼？保人性質差異與存在風險一次看！,https://roo.cash/blog/guarantor/,roo-loan
玉山信貸懶人包》玉山信貸產品利率、申貸注意事項一次看！,https://roo.cash/blog/esun-credit-loan/,roo-loan
股票質押銀行推薦｜股票質押該選哪家？券商、銀行股票質押利率比較一次看！,https://roo.cash/blog/stock-pledged-loan-bank-recommendation/,roo-loan
保單借款總整理》保單借款是什麼？優缺點與利息計算方式一把抓！,https://roo.cash/blog/policy-loan/,roo-loan
電動車貸款懶人包》買電動汽機車該選信貸還是車貸？電動車貸款資訊一次看,https://roo.cash/blog/electric-car-loan/,roo-loan
個人信貸總指南｜3 分鐘看懂信貸申請條件、利率與注意事項！,https://roo.cash/blog/credit-loan/,roo-loan
負債整合陷阱懶人包》了解 4 大要點輕鬆避開債務整合陷阱，守護財務安全！,https://roo.cash/blog/integrate-debt-fraud-trap/,roo-loan
申請信貸條件懶人包》申貸有哪些必備條件？評斷項目、實用信貸一次看！,https://roo.cash/blog/loan-criteria/,roo-loan
被強制停卡還能辦信貸嗎？簡單幾步幫助你快速恢復信用分數！,https://roo.cash/blog/case-study-suspend-card/,roo-loan
徵審全指南｜徵審是什麼？徵審意義與流程一次看！,https://roo.cash/blog/credit-analysis/,roo-loan
貸款申請懶人包》貸款種類有哪些？申貸相關名詞解釋一次看！,https://roo.cash/blog/apply-loan-categories/,roo-loan
永豐信貸全攻略》永豐信貸方案有哪些？3 分鐘看完各方案額度與利率比較！,https://roo.cash/blog/sinopac-credit-loan/,roo-loan
手機 IMEI 貸款懶人包》IMEI 碼怎麼貸款？ IMEI 碼查詢與貸款方法一次看！,https://roo.cash/blog/loan-imei-code-introduction/,roo-loan
台新信貸方案總整理》台新信貸利率與方案比較一次看！,https://roo.cash/blog/taishin-loan/,roo-loan
企業貸款懶人包》企業需要資金該如何申請貸款？企業貸款利率與方案一次看！,https://roo.cash/blog/company-loan-introduction/,roo-loan
卡債協商全指南｜卡債繳不出來想要協商該怎麼辦？協商機制、步驟流程一次看！,https://roo.cash/blog/card-debt-negotiate/,roo-loan
青年創業貸款懶人包》2025 青年創業貸款最新申請條件與流程資訊一次看,https://roo.cash/blog/2022-youth-entrepreneurs-loan/,roo-loan
勞工紓困貸款懶人包》輕鬆看懂勞工紓困貸款重點與申請流程！,https://roo.cash/blog/relief-loan/,roo-loan
金融同業貸款全攻略》金融同業貸款利率多少？申辦資格與方法一次看！,https://roo.cash/blog/loan-financial-industry/,roo-loan
外送員貸款總整理》3 大外送員貸款種類、申請資格與流程一次看！,https://roo.cash/blog/food-delivery-loan-comparison/,roo-loan
台東當鋪有哪些？台東合法當舖整理，快速借錢週轉必看！,https://roo.cash/blog/taitung-pawnshop-article/,roo-loan
宜蘭當鋪有哪些？宜蘭合法當舖整理，快速借錢週轉必看！,https://roo.cash/blog/yilan-pawnshop-article/,roo-loan
雲林當鋪有哪些？雲林合法當舖整理，快速借錢週轉必看！,https://roo.cash/blog/yunlin-pawnshop-article/,roo-loan
花蓮當鋪有哪些？花蓮合法當舖整理，快速借錢週轉必看！,https://roo.cash/blog/hualien-pawnshop-article/,roo-loan
彰化當鋪有哪些？彰化合法當舖整理，快速借錢週轉必看！,https://roo.cash/blog/changhua-pawnshop-article/,roo-loan
屏東當鋪有哪些？屏東合法當舖整理，快速借錢週轉必看！,https://roo.cash/blog/pingtung-pawnshop-article/,roo-loan
苗栗當鋪有哪些？苗栗合法當舖整理，快速借錢週轉必看！,https://roo.cash/blog/miaoli-pawnshop-article/,roo-loan
嘉義當鋪有哪些？嘉義合法當舖整理，快速借錢週轉必看！,https://roo.cash/blog/chiayi-pawnshop-article/,roo-loan
高雄當鋪有哪些？高雄合法當舖整理，快速借錢週轉必看！,https://roo.cash/blog/kaohsiung-pawnshop-article/,roo-loan
台南當鋪有哪些？台南合法當舖整理，快速借錢週轉必看！,https://roo.cash/blog/tainan-pawnshop-article/,roo-loan
信貸申請條件總指南｜申貸條件有哪些？影響信貸條件的要素一把抓！,https://roo.cash/blog/apply-loan-requirement/,roo-loan
桃園當鋪有哪些？桃園合法當舖整理，快速借錢週轉必看！,https://roo.cash/blog/taoyuan-pawnshop-article/,roo-loan
台北當鋪有哪些？台北合法當舖整理，快速借錢週轉必看！,https://roo.cash/blog/taipei-pawnshop-article/,roo-loan
台中當鋪有哪些？台中合法當舖整理，快速借錢週轉必看！,https://roo.cash/blog/taichung-pawnshop-article/,roo-loan
新竹當鋪有哪些？新竹合法當舖整理，快速借錢週轉必看！,https://roo.cash/blog/hsinchu-pawnshop-article/,roo-loan
新光信貸懶人包》輕鬆了解新光信貸方案、審核時間以及貸款試算方法！,https://roo.cash/blog/skb-credit-loan/,roo-loan
信貸利率多少合理？輕鬆掌握常見信貸利率，再利用 3 大重點談到好利率！,https://roo.cash/blog/reasonable-loan-rate/,roo-loan
王道銀行信貸懶人包》王道信貸好過嗎？各方案與線上申貸四步驟一把抓！,https://roo.cash/blog/obank-credit-loan/,roo-loan
信用評分懶人包》信用評分提升心法不藏私，必知評分標準和扣分因素一次看！,https://roo.cash/blog/jcic-credit-score/,roo-loan
債務協商多久恢復信用？一次釐清債務協商繳清後能否申請信貸與信用卡！,https://roo.cash/blog/integrate-debt-restore-credit-score/,roo-loan
卡友貸全攻略》卡友貸優缺點一次看，輕鬆了解卡友的獨家貸款管道！,https://roo.cash/blog/card-loan/,roo-loan
鳳凰貸款懶人包》微型鳳凰創業貸款申請條件、流程、額度與利率一次看！,https://roo.cash/blog/2022-phoenix-entrepreneurs-loan/,roo-loan
學貸緩繳申請懶人包》學貸延期與緩繳申請條件與流程一次看！,https://roo.cash/blog/student-loan-apply-deferred-payment/,roo-loan
信用貸款停看聽｜信貸好嗎？信用貸款好處、風險與推薦信貸一把抓！,https://roo.cash/blog/loan-good-or-not/,roo-loan
富邦信貸總整理》富邦信貸好過嗎？富邦熱門信貸方案比較一次看！,https://roo.cash/blog/fubon-credit-loan/,roo-loan
財力證明總整理》9 種常見財力證明準備流程，簡單幾步完成線上申請流程！,https://roo.cash/blog/financial-statement/,roo-loan
國泰世華信貸懶人包》國泰信貸好過嗎？信貸方案與申辦重點一次看！,https://roo.cash/blog/cub-credit-loan/,roo-loan
信貸提前還款指南｜信貸提前還款優缺點、違約金與試算方法一把抓！,https://roo.cash/blog/loan-repayment-in-advance/,roo-loan
低利率信貸總指南｜信貸利率計算方式一次看，輕鬆掌握談到低利率信貸的關鍵籌碼！,https://roo.cash/blog/low-loan-rate-comparison-recommendation/,roo-loan
信貸增貸全攻略》信貸增貸的申請該怎麼辦理？申請流程、種類、條件一把抓！,https://roo.cash/blog/loan-raising/,roo-loan
樂天信貸指南｜樂天信貸該如何申請？利率額度與方案一次看！,https://roo.cash/blog/rakuten-credit-loan-article/,roo-loan
薪資證明／薪轉證明怎麼申請？薪資單申請方法、注意事項最詳細懶人包讓你輕鬆取得！,https://roo.cash/blog/salary-statement/,roo-loan
信用瑕疵全解惑》信用瑕疵還可以辦卡或貸款嗎？提升信用秘訣讓你遠離信用瑕疵,https://roo.cash/blog/bad-credit/,roo-loan
LINE Bank 信貸總指南｜LINE Bank 信貸好嗎？貸款方案、優缺點、申請條件一把抓！,https://roo.cash/blog/line-bank-loan/,roo-loan
軍公教貸款懶人包》2025 公務員貸款利率是多少？3 分鐘快速看懂如何申貸！,https://roo.cash/blog/government-loan-recommendation/,roo-loan
真的有貸款比較好過的銀行嗎？4 大密技與推薦方案提升你的貸款過件率！,https://roo.cash/blog/get-loan-approved/,roo-loan
信貸推薦全攻略》2025 最詳細 21 間銀行信貸利率、最高額度、手續費比較一次看！,https://roo.cash/blog/credit-loan-recommendation-article/,roo-loan
車貸繳不出來怎麼辦？後果有哪些？教你如何解決方法與預防,https://roo.cash/blog/car-loan-default-article/,roo-loan
本票是什麼？與其他票據的差異、操作流程一次看,https://roo.cash/blog/cashiers-order-article/,roo-loan
清償證明是什麼？3 大類貸款申請流程、注意事項一次看,https://roo.cash/blog/acquittance-proof-article/,roo-loan
買賣二手車必看！車子過戶要準備什麼？3 分鐘帶你搞懂所有細節！,https://roo.cash/blog/car-transfer-requirements-article/,roo-loan
預告登記是什麼？辦理流程、所需文件、注意事項一次看,https://roo.cash/blog/registration-of-caution-article/,roo-loan
法拍屋怎麼買？查詢方法、購買流程、注意事項一次看,https://roo.cash/blog/foreclosure-house-buy-guide-article/,roo-loan
前置協商是什麼？前置協商申請條件、流程、影響一次看,https://roo.cash/blog/pre-negotiation-article/,roo-loan
2025 最新房貸利率大公開！房貸利率最低多少？教你試算不踩雷！,https://roo.cash/blog/mortgage-loan-interest/,roo-loan
房屋貸款申請辦法》申請前必知5 大房貸條件、3 大地雷！,https://roo.cash/blog/mortgage-requirements/,roo-loan
學貸還款指南｜學貸怎麼還？學貸還款查詢／新制規定／小撇步一次看！,https://roo.cash/blog/student-loan-payment/,roo-loan
【貸款利息試算公式懶人包】貸款 10、30、50 萬一個月要繳多少？利息算法一次看！,https://roo.cash/blog/loan-interest-calculation-article/,roo-loan
聯徵紀錄懶人包》聯徵紀錄怎麼看？紀錄項目／代表意思／常見問題一把抓！,https://roo.cash/blog/jcic-record/,roo-loan
股票質押維持率總指南｜股票質押維持率是什麼？怎麼算？計算方式和標準一次看！,https://roo.cash/blog/stock-pledged-loan-maintenance-rate/,roo-loan
凱基速還金懶人包》凱基銀行信貸速還金是什麼？申請流程與詳細介紹一次看！,https://roo.cash/blog/kgi-revolving-credit/,roo-loan
動保設定查詢攻略：汽機車動產擔保交易、動保設定解除查詢一次看！,https://roo.cash/blog/movable-property-security-search-article/,roo-loan
當鋪一直繳利息怎麼辦？當舖利息繳不出來前必學的財務管理策略,https://roo.cash/blog/pawn-shop-interest-continue-article/,roo-loan
什麼都沒有怎麼借錢？什麼都沒有能貸款嗎？急用現金方法看這裡,https://roo.cash/blog/borrow-money-with-nothing-article/,roo-loan
筆電可以借錢嗎？急用現金怎麼辦？筆電借款管道帶你看,https://roo.cash/blog/laptop-loans-article/,roo-loan
24 小時小額借款是什麼？如何 24 小時借錢？24 小時線上借款流程帶你看,https://roo.cash/blog/24hours-small-amount-loan-article/,roo-loan
機車二胎是什麼？機車二胎推薦怎麼選？機車二胎風險一次看,https://roo.cash/blog/motorcycle-second-loan-article/,roo-loan
機車增貸條件有哪些？機車增貸推薦怎麼選？機車增貸風險注意事項帶你看,https://roo.cash/blog/motorcycle-top-up-loan-article/,roo-loan
當鋪收什麼？急用現金怎麼辦？帶你了解公私營當鋪差別與注意事項,https://roo.cash/blog/pawn-shop-accept-article/,roo-loan
黃金一分多少錢？黃金借款、黃金典當有多少？教你估算黃金借款利息不怕吃虧,https://roo.cash/blog/gold-how-much-price-article/,roo-loan
汽車增貸條件有什麼？汽車增貸風險多嗎？車貸增貸注意事項帶你看,https://roo.cash/blog/car-top-up-loan-article/,roo-loan
【最新！2025房貸寬限消息】房貸寬限期不再、房貸新政策一篇全解析,https://roo.cash/blog/second-household-grace-period/,roo-loan
401報表是什麼？403、405 報表差在哪？企業貸款關鍵必看！,https://roo.cash/blog/business-tax-return-401/,roo-loan
急用現金別慌張！南投借錢讓小額借款幫你快速解決,https://roo.cash/blog/nantou-loans-article/,roo-loan
富邦汽車車體險、強制險費用多少？富邦汽車險評價好嗎？,https://roo.cash/blog/car-insurance-fubon/,roo-insurance
乙式車體險約定駕駛人附加條款是什麼？限定駕駛有保費折扣？,https://roo.cash/blog/car-insurance-driver-additional-clause/,roo-insurance
日本租車保險怎麼選？海外自駕必備旅平險保障一次看！,https://roo.cash/blog/travel-accident-insurance-rent-car/,roo-insurance
Klook 保險怎麼買？Klook 旅遊保險和一般旅平險差在哪？,https://roo.cash/blog/oversea-travel-accident-insurance-klook/,roo-insurance
旅平險延長期限多久？如何延長旅遊保險的保險期間？,https://roo.cash/blog/oversea-travel-accident-insurance-prolong/,roo-insurance
外國人可以投保國內旅平險嗎？外籍人士來台旅平險怎麼買？,https://roo.cash/blog/travel-accident-insurence-foreigner/,roo-insurance
交換學生旅平險推薦》海外交換半年、一年該買哪家旅平險？,https://roo.cash/blog/travel-accident-insurance-exchange-student/,roo-insurance
玉山 U Bear 旅平險》U Bear 卡海外消費回饋、手續費一次看！,https://roo.cash/blog/travel-insurence-cradit-card-esun-ubear/,roo-insurance
ETIAS 開始了嗎？旅平險、不便險可以重複投保幾家？潛水險怎麼買？,https://roo.cash/blog/travel-insurence-hot-faqs/,roo-insurance
零件被竊損失險需要買嗎？汽車容易被偷的四種零件一次看！,https://roo.cash/blog/car-insurence-parts-theft-loss/,roo-insurance
英國旅遊保險推薦》去英國留學保險怎麼買？旅平險醫療險方案比較一次看！,https://roo.cash/blog/travel-accident-insurance-uk/,roo-insurance
國外旅平險一天多少錢？旅平險一定要保嗎？保額多少才有保障？,https://roo.cash/blog/travel-insurance-per-day-article/,roo-insurance
埃及旅遊保險推薦》去埃及保險怎麼買？旅平險不便險比較懶人包一次看！,https://roo.cash/blog/egypt-travel-accident-insurance/,roo-insurance
土耳其旅平險推薦》去土耳其保險怎麼買？6 家旅平險不便險方案比較！,https://roo.cash/blog/turkey-travel-accident-insurance/,roo-insurance
一年期旅平險怎麼買？四家熱門打工度假一年期海外旅平險一次看！,https://roo.cash/blog/travel-insurance-one-year/,roo-insurance
旅平險投保時間怎麼設定？生效時間怎麼算？旅平險最早可投保時間？,https://roo.cash/blog/travel-insurence-time-setting/,roo-insurance
慰問金保險有需要嗎？第三人責任險附加慰問金費用？甲型乙型差異一次看！,https://roo.cash/blog/car-insurance-condolence-pay/,roo-insurance
車險線上投保好嗎？網路投保強制險後可以馬上驗車嗎？線上投保七大問！,https://roo.cash/blog/car-insurance-faqs/,roo-insurance
汽機車超額責任險有需要嗎？超額責任險優缺點、保障範圍一次看！,https://roo.cash/blog/car-insurance-excess-liability-types/,roo-insurance
Gogoro 保險推薦 | 強制險、車體險、第三責任險費用比較一次看！,https://roo.cash/blog/car-insurance-electric-motor-gogoro/,roo-insurance
微型電動二輪車保險怎麼買？強制險/第三責任險/車體險費用一次看！,https://roo.cash/blog/car-insurance-mini-electric-vehicle/,roo-insurance
搭乘廉航可以買旅遊不便險嗎？廉航保險推薦比較一次看！,https://roo.cash/blog/inconvenience-insurance-low-cost-airlines/,roo-insurance
旅遊不便險班機延誤會理賠嗎？飛機延誤多久會理賠？班機延誤險五大問,https://roo.cash/blog/travel-inconvenience-flight-delay/,roo-insurance
富邦產險快樂旅平卡是什麼？投保後該如何使用？和一般旅平險差在哪？,https://roo.cash/blog/travel-insurence-card-fubon/,roo-insurance
護照不見怎麼辦？在國外護照遺失旅遊不便險會賠嗎？護照重辦流程一次看,https://roo.cash/blog/travel-document-loss-insurance/,roo-insurance
旅遊不便險班機取消會理賠嗎？班機取消險申請條件與理賠情境一次看！,https://roo.cash/blog/travel-inconvenience-flight-cancel/,roo-insurance
義大利旅遊保險 | 去義大利旅遊保險怎麼買？旅平不便險推薦比較懶人包！,https://roo.cash/blog/italia-travel-accident-insurance/,roo-insurance
滙豐信用卡旅平險》8 個滙豐銀行信用卡旅平不便險權益懶人包一次看！,https://roo.cash/blog/travel-accident-insurance-hsbc/,roo-insurance
旅平險線上投保懶人包》可一次投保多人？網路投保旅平險注意事項一次看！,https://roo.cash/blog/online-travel-accident-insurance/,roo-insurance
電動車保險推薦》特斯拉保險怎麼買？電動車保險比較懶人包！,https://roo.cash/blog/ev-insurence-intro/,roo-insurance
中國信託旅平險》LINE pay 卡等 6 張中信卡旅平險權益一次看！,https://roo.cash/blog/travel-accident-insurance-ctbc/,roo-insurance
丙式車損險是什麼？丙式車體險內容、理賠範圍、可加保項目一次看！,https://roo.cash/blog/car-insurance-collision/,roo-insurance
2025 海外旅平險法定傳染病比較》出國染疫／得流感這 6 家會理賠！,https://roo.cash/blog/infectious-diseases-travel-insurance/,roo-insurance
星展信用卡旅平險》星展銀行信用卡旅平險權益、保額一次看！,https://roo.cash/blog/travel-accident-insurance-dbs/,roo-insurance
日本旅平險推薦》2025 去日本保險怎麼買？5 家旅平險不便險方案比較！,https://roo.cash/blog/japan-travel-accident-insurance/,roo-insurance
2025 出遊前旅遊不便險怎麼選？ 6 家不便險理賠項目/金額/優缺點全解析！,https://roo.cash/blog/travel-inconvenience-insurance/,roo-insurance
UBI保險是什麼？UBI車險特色、優缺點、選擇策略懶人包,https://roo.cash/blog/usage-based-insurance-article/,roo-insurance
丁式車體險是什麼？丁式車體險費用+推薦一次看！,https://roo.cash/blog/car-insurance-d/,roo-insurance
海外突發疾病險懶人包》海外突發疾病險是什麼？保障範圍、理賠內容一次看！,https://roo.cash/blog/sudden-illness-travel-insurance-article/,roo-insurance
美國旅遊保險》去美國旅遊醫療保險怎麼買？美國旅平險+不便險比較懶人包！,https://roo.cash/blog/usa-travel-accident-insurance/,roo-insurance
富邦J卡旅平險》富邦J卡海外回饋/機場接送/旅平險權益懶人包！,https://roo.cash/blog/travel-accident-insurance-fubon-j/,roo-insurance
中國旅平險推薦》2025去中國保險怎麼買？6家旅平險不便險比較懶人包！,https://roo.cash/blog/china-travel-accident-insurance/,roo-insurance
馬來西亞旅平險推薦》去馬來西亞保險怎麼買？6 家旅平險不便險方案比較！,https://roo.cash/blog/malaysia-travel-accident-insurance/,roo-insurance
新加坡旅平險推薦》2025去新加坡保險怎麼買？旅平險+不便險比較懶人包！,https://roo.cash/blog/singapore-travel-accident-insurance/,roo-insurance
越南旅平險推薦》2025 去越南旅遊保險怎麼買？6 家旅平不便險比較懶人包！,https://roo.cash/blog/vietnam-travel-accident-insurance/,roo-insurance
香港旅平險推薦》2025 香港自由行旅平險 | 精選七家旅平險保額一次看！,https://roo.cash/blog/hongkong-travel-accident-insurance/,roo-insurance
CUBE 卡旅平險》2025 國泰 CUBE 卡旅平險、回饋、海外消費一次看！,https://roo.cash/blog/travel-accident-insurance-cube/,roo-insurance
Flygo 卡旅平險》2025 台新 Flygo 卡回饋、機場接送、旅平險權益一次看！,https://roo.cash/blog/travel-accident-insurance-flygo/,roo-insurance
玉山信用卡旅平險》玉山銀行信用卡免費旅平險！保額、除外事項一次看！,https://roo.cash/blog/travel-accident-insurance-esun/,roo-insurance
台新信用卡旅平險》台新銀行這八張都有旅平險！權益+保額一次看！,https://roo.cash/blog/travel-accident-insurance-taisin/,roo-insurance
歐洲旅遊保險怎麼買？5 家歐洲旅平險/旅遊不便險方案推薦！,https://roo.cash/blog/europe-travel-accident-insurance/,roo-insurance
泰國旅平險推薦》2025去泰國保險怎麼買？5家旅平險不便險方案比較！,https://roo.cash/blog/thai-travel-accident-insurance/,roo-insurance
韓國旅平險推薦》2025去韓國旅遊保險怎麼買？7 家旅平不便險方案比較！,https://roo.cash/blog/koren-travel-accident-insurance/,roo-insurance
機車任意險理賠範圍有哪些？與強制險的差異、注意事項一次看！,https://roo.cash/blog/motorcycle-optional-insurance-article/,roo-insurance
汽機車超額責任險有需要嗎？超額責任險優缺點、保障範圍一次看！,https://roo.cash/blog/excess-liability-insurance/,roo-insurance
車禍後續處理》車禍保險理賠流程+車禍肇事責任歸屬一次看！,https://roo.cash/blog/car-crash-reparation-article/,roo-insurance
汽車險怎麼保？強制險、第三人責任險、超額責任險資訊一次看！,https://roo.cash/blog/car-insurance/,roo-insurance
汽車險試算》汽車保險該怎麼算？影響車體險、強制險、責任險的變因大解密！,https://roo.cash/blog/car-insurance-quote/,roo-insurance
網路投保懶人包》一次看懂線上投保與實體投保優缺點！,https://roo.cash/blog/online-insurance/,roo-insurance
乙式車體險內容懶人包》車體險中最經濟實惠的乙式車體險全解析！,https://roo.cash/blog/car-insurance-set/,roo-insurance
機車保險懶人包》機車保險有哪些？機車險怎麼保？怎麼買才有保障一次看！,https://roo.cash/blog/motorcycle-insurance-introduction/,roo-insurance
申根保險是什麼？一定要保嗎？歐洲旅遊申根險推薦/規定/注意事項一次看！,https://roo.cash/blog/europe-travel-insurance/,roo-insurance
旅平險推薦一次看！產險／信用卡 旅平險優缺點懶人包,https://roo.cash/blog/travel-insurance-credictcard-compare/,roo-insurance
汽機車強制險怎麼查？金管會保險查詢平台教學、方法完整攻略！,https://roo.cash/blog/compulsory-insurance-check/,roo-insurance
產險道路救援懶人包》使用方法、服務內容、各家公司使用資格與限制一次看！,https://roo.cash/blog/insurance-roadside-assistance/,roo-insurance
機車強制險小學堂》機車強制險一年多少錢？10 家產險優惠懶人包一次看！,https://roo.cash/blog/compulsory-motorcycle-insurance/,roo-insurance
國內旅平險推薦比較》離島旅平險、租車自駕險保障內容、需要資料全攻略！,https://roo.cash/blog/domestic-creditcard-travel-insurance/,roo-insurance
2025 海外旅平險比較》出國保險怎麼買？旅平險六大保障、注意事項一次看,https://roo.cash/blog/oversea-travel-accident-insurance/,roo-insurance
2025郵輪險 | 郵輪保險是什麼？和旅平險差在哪？懶人包一次看！,https://roo.cash/blog/cruise-insurence/,roo-insurance
車險理賠懶人包》遇到車禍該怎麼處理？車禍 5 口訣看過來！輕鬆看懂理賠流程與所需資料！,https://roo.cash/blog/car-insurance-compensation-process/,roo-insurance
機場旅平險是什麼？機場旅平險適用範圍、保險櫃檯位置時間一次看！,https://roo.cash/blog/airport-travel-safety-insurance/,roo-insurance
第三責任險駕駛人非車主會賠嗎？一定要保嗎？7 大常見問題一次看！,https://roo.cash/blog/third-party-insurance-faq/,roo-insurance
旅遊不便險理賠項目指南｜旅遊不便險是什麼？挑選重點一次看！,https://roo.cash/blog/travel-inconvenience-insurance-introduction/,roo-insurance
海外全程險指南｜海外全程險內容、各銀行與信用卡保險資訊一次看懂,https://roo.cash/blog/entire-travel-insurance/,roo-insurance
車體險係數懶人包》車險係數怎麼算？從人係數、從車係數、計算公式快速看懂！,https://roo.cash/blog/property-damage-liability-insuranc-rate/,roo-insurance
丙式車損險是什麼？丙式車體險詳細內容、準備資料、可加保項目一次看！,https://roo.cash/blog/property-damage-liability-insurance/,roo-insurance
機車竊盜險總整理》2 分鐘了解機車竊盜險的保障範圍！,https://roo.cash/blog/scooter-theft-insurance/,roo-insurance
外送員保險指南》外送員必看！外送員保險分析、保險產品一把抓！,https://roo.cash/blog/courier-insurance-article/,roo-insurance
機車駕駛人傷害險指南》機車駕駛人傷害險保障範圍一次看，意外來臨時的自保措施！,https://roo.cash/blog/scooter-rider-insurance/,roo-insurance
機車道路救援懶人包》機車道路救援方法一次看，教你如何省下道路救援費用！,https://roo.cash/blog/insurance-scooter-roadside/,roo-insurance
強制險重複投保怎麼辦？怎麼知道自己重複投保？如何退費？一篇帶你看懂強制險！,https://roo.cash/blog/compulsory-insurance-duplicate-coverage-article/,roo-insurance
機車車體險有哪些種類》5 分鐘輕鬆看懂機車車體險優缺點！,https://roo.cash/blog/scooter-property-damage-liability-insurance/,roo-insurance
班機延誤不能賠？旅遊最怕的 5 件事，出國保險保對都能解！,https://roo.cash/blog/travel-flight-delay-insurance-corp/,roo-insurance
歐洲自由行懶人包》推薦國家、行李準備及申根保險推薦！,https://roo.cash/blog/europe-free-travel-corp/,roo-insurance
街口支付也能買保險？全新街口保險資訊、優缺點總整理一次看,https://roo.cash/blog/jko-insurance/,roo-insurance
LINE Pay 保險懶人包》輕鬆了解 LINE Pay 保險相關資訊與注意事項！,https://roo.cash/blog/line-pay-insurance/,roo-insurance
罷工旅遊不便險賠不賠？如何處理、注意事項一次看！,https://roo.cash/blog/strike-travel-inconvenience-insurance/,roo-insurance
一人出遊網路投保超方便，多人這樣保才方便，旅遊險快速多人投保最佳選,https://roo.cash/blog/travel-insurance/,roo-insurance
機車第三責任險理賠範圍、費用、重要性、理賠情境一次告訴你！,https://roo.cash/blog/scooter-third-party-liability-insurance/,roo-insurance
汽車甲式車體損失險》甲乙丙式方案到底差在哪？甲式車損險保障範圍、推薦一次看！,https://roo.cash/blog/car-insurance-a/,roo-insurance
全台首檔主動式 ETF！00980A 成分股、配息，一篇看懂怎麼買！,https://roo.cash/blog/00980a-etf-article/,roo-investment
2025 華碩預計股利創新高！近 5 年配息紀錄、殖利率趨勢一次看懂,https://roo.cash/blog/2357-dividend-article/,roo-investment
2025 聯電預計配息金額公布！聯電最新股利發放日、配息資訊、影響因素看這裡,https://roo.cash/blog/2303-dividend-article/,roo-investment
水資源基金是什麼？水資源市場熱門推薦！現況、投資趨勢、風險一次看！,https://roo.cash/blog/water-fund-article/,roo-investment
債券基金如何投資｜2025 年債券型基金排名推薦與進出場判斷方式,https://roo.cash/blog/bond-fund/,roo-investment
美股 QQQ ETF 值得投資嗎？QQQ 成分股、配息、投資策略建議一次看！,https://roo.cash/blog/usstock-qqq-etf-article/,roo-investment
內盤外盤意思？內外盤比如何判斷？3 分鐘教你簡單看懂股票趨勢！,https://roo.cash/blog/sell-and-buy-article/,roo-investment
PLTR 美股做什麼？Palantir 一路漲！AI 需求下最大受益公司：應用領域、風險與挑戰全分析！,https://roo.cash/blog/pltr-article/,roo-investment
2025 年海外債券投資推薦！教你快速搞懂海外債缺點與優點,https://roo.cash/blog/foreign-bond/,roo-investment
小額投資房地產？REITs 怎麼買？注意事項一次告訴你！,https://roo.cash/blog/reits/,roo-investment
台股大跌懶人包》台股大跌要逃嗎？歷史大跌與存股禁忌一次看！,https://roo.cash/blog/stock-market-collapse/,roo-investment
美股開戶知多少？美股開戶教學！四大熱門推薦海外券商比較各家開戶優缺點,https://roo.cash/blog/us-stock-open-accounts/,roo-investment
主權基金是什麼？帶你了解隱形鉅富如何左右金融市場秩序！,https://roo.cash/blog/sovereign-wealth-fund/,roo-investment
一次搞懂共同基金是什麼？解析共同基金類別與其和ETF的差異,https://roo.cash/blog/mutual-fund/,roo-investment
印巴衝突爆發｜股市撐住了，但匯市重挫，投資人該如何布局？,https://roo.cash/blog/conflict-between-india-and-pakistan/,roo-investment
台幣升值大浪來襲｜房市股市會如何？2025投資人必看指南,https://roo.cash/blog/twd-appreciate/,roo-investment
鷹派鴿派怎麼看｜投資人不可忽視的關鍵指標,https://roo.cash/blog/hawk-and-dove/,roo-investment
買基金教學與申購流程一次搞懂：基金怎麼買最安全？,https://roo.cash/blog/buy-fund-teaching/,roo-investment
好的基金經理人該有什麼特質？,https://roo.cash/blog/fund-manager/,roo-investment
從全球貨幣之王到黃金回歸，美元霸權走到盡頭？,https://roo.cash/blog/usd-hegemony/,roo-investment
2025年最新避險基金推薦｜揭開金融市場的神秘面紗！,https://roo.cash/blog/hedge-fund/,roo-investment
基金怎麼選｜該買後收型基金還是該買前收型基金？,https://roo.cash/blog/back-end-sales-load-fund/,roo-investment
帶你搞懂基金種類如何區分？讓你投資基金無往不利！,https://roo.cash/blog/fund-type/,roo-investment
市場震盪加劇，告訴你職業操盤手都如何避險！,https://roo.cash/blog/how-to-hedge/,roo-investment
元富證券帳戶合作富果平台！年輕人小額投資的理想選擇,https://roo.cash/blog/fugle-account-article/,roo-investment
0050 vs 006208 怎麼選？差異比較攻略！配息、管理費、投資建議一篇看懂！,https://roo.cash/blog/0050-vs-006208/,roo-investment
2025 全台證券戶推薦》哪家證券戶手續費最便宜？證券手續費比較、優惠活動統整一次看！,https://roo.cash/blog/stock-open-account-recommendation/,roo-investment
鉅亨買基金 App 好用嗎？三大亮點功能帶你看！,https://roo.cash/blog/stock-anuefund-app-intro-corp/,roo-investment
元大金配息金額走勢！2025 元大金配息時間、最新配息資訊、影響因素看這裡,https://roo.cash/blog/2885-dividend-article/,roo-investment
全額交割股是什麼？怎麼買賣？2025 最新全額交割股名單有哪些帶你看！,https://roo.cash/blog/full-delivery-stock-article/,roo-investment
證券戶交割戶是什麼？證券戶交割戶差別、開戶流程完整教學！,https://roo.cash/blog/stock-account-v-s-settlement-account/,roo-investment
平倉是什麼？爆倉是什麼？3 分鐘搞懂爆倉／新倉／留倉等倉位金融術語！,https://roo.cash/blog/close-position/,roo-investment
台積電 ADR 指南｜台積電 ADR 換算！台積電 ADR 是什麼？溢價折價、如何影響台積電一次看！,https://roo.cash/blog/tsmc-american-depository-receipts/,roo-investment
基金贖回時間要多久？基金贖回技巧、淨值日、手續費一次看！,https://roo.cash/blog/stock-fund-redemption/,roo-investment
美金定存懶人包》2025 美金定存利率比較、優缺點與手續費一次看！,https://roo.cash/blog/usd-time-deposit/,roo-investment
美金投資懶人包》美金投資有哪些管道？一篇看懂美金投資方法與優缺點！,https://roo.cash/blog/usd-invest-introduction/,roo-investment
美元指數指南｜美元指數該怎麼解讀？輕鬆讀懂美元指數的基本概念與影響,https://roo.cash/blog/usd-index-introduction/,roo-investment
換匯方式懶人包》哪家銀行換匯最划算？台灣銀行換匯手續費比較！,https://roo.cash/blog/travel-how-to-exchange-money/,roo-investment
美元升息懶人包》輕鬆看懂美元升息原因與其對市場的影響！,https://roo.cash/blog/usd-lift-rates/,roo-investment
台幣換美金懶人包》台幣換美金划算嗎？一次看最划算兌換方法與美金投資討論！,https://roo.cash/blog/ntd-usd-exchange-rate/,roo-investment
外匯詐騙總指南｜外匯詐騙手法與辨別訣竅一次看！,https://roo.cash/blog/stock-foreign-exchange-fraud/,roo-investment
外匯投資入門介紹｜新手學習外匯投資看這裡！4 大必知重點一次看！,https://roo.cash/blog/stock-foreign-exchange-investment/,roo-investment
外匯交易平台大補帖》熱門外匯交易平台有哪些？外匯交易商、平台選擇指南一次看,https://roo.cash/blog/forex-trading-platform-article/,roo-investment
換匯全攻略》換匯方式有哪些？換匯手續費與海外消費法寶一次看！,https://roo.cash/blog/travel-exchange-money-fee/,roo-investment
外幣定存推薦指南｜外幣定存技巧與必知 3 大注意事項一次看！,https://roo.cash/blog/foreign-currency-deposit/,roo-investment
外匯保證金懶人包》外匯保證金交易是什麼？交易方式與風險一次看！,https://roo.cash/blog/stock-foreign-exchange-margin/,roo-investment
買外幣入門全指南｜外幣怎麼買？外幣購買、換匯攻略與注意事項一次看,https://roo.cash/blog/foreign-currency-purchase/,roo-investment
外幣帳戶懶人包》開外幣帳戶好處有哪些？手續費比較、定存利率、推薦帳戶一次看！,https://roo.cash/blog/foreign-currency-account/,roo-investment
美金匯率懶人包》美金匯率持續波動，現在適合買美金嗎？美金匯率與走勢一次看！,https://roo.cash/blog/usd-cash-exchange-rate-trend/,roo-investment
日圓匯率最新消息總整理》現在適合換日幣嗎？日圓匯率市場現況分析一次看！,https://roo.cash/blog/japanese-yen-exchange-rate-article/,roo-investment
台股盤後交易總整理》盤後交易是什麼？盤後整股、零股交易時間與券商手續費一把抓！,https://roo.cash/blog/stock-after-hours-trading-tips/,roo-investment
集保 e 存摺／集保 e 手掌握 App 是什麼？線上申請 3 步驟、優缺點一次看！,https://roo.cash/blog/stock-epassbook-introduction/,roo-investment
定期定額證券戶推薦！怎麼入手定期定額證券戶？各大證券公司手續費比較,https://roo.cash/blog/stock-dollar-cost-averaging-recommendation/,roo-investment
富邦證券開戶攻略！線上開戶流程、手續費一次看！,https://roo.cash/blog/fubon-account-article/,roo-investment
加密貨幣攻略》2025 加密貨幣交易所平台推薦！手續費、特色一次看,https://roo.cash/blog/cryptocurrency-article/,roo-investment
南非幣為什麼一直跌？現在可以買嗎？2025南非幣基金未來趨勢分析與投資建議,https://roo.cash/blog/south-african-rand-fund/,roo-investment
中信證券開戶！開戶要帶什麼？亮點App、手續費一次看,https://roo.cash/blog/ctbcbank-account-article/,roo-investment
10 分鐘線上完成永豐證券開戶！永豐大戶投 APP 操作說明大公開！,https://roo.cash/blog/stock-sinopac-open-accounts/,roo-investment
美股手續費懶人包》複委託手續費、海外券商手續費比較,https://roo.cash/blog/us-stock-handling-fee/,roo-investment
證券開戶要帶什麼？買股票開戶新手必知！開戶流程、必備文件一次看！,https://roo.cash/blog/stock-open-accounts/,roo-investment
黃金存摺怎麼玩？哪家好？黃金存摺優缺點、各銀行手續費比較,https://roo.cash/blog/gold-bankbook-article/,roo-investment
2025 美股投資必修》美股四大指數差在哪？關注方向大不同！,https://roo.cash/blog/us-stock-index/,roo-investment
美股指數 ETF 停看聽｜美股大盤 ETF 值得投資嗎？美國熱門指數 ETF 一次看！,https://roo.cash/blog/us-stock-exchangetradedfund-article/,roo-investment
股價淨值比、本益比河流圖懶人包》透過河流圖選股，抓緊最佳買入時機！,https://roo.cash/blog/streamgraph-introduction-article/,roo-investment
投資新手、股海小白必看！停利／停損點怎麼設？買進股票前就知道何時該賣出！,https://roo.cash/blog/stoploss-and-takeprofit-point-article/,roo-investment
債券產品特色指南｜債券上漲原因、類型、風險一次看！,https://roo.cash/blog/stock-bond-introduction/,roo-investment
月配息基金推薦：月配息基金好嗎？2025 年最適合投資的月配息基金一次看！,https://roo.cash/blog/month-dividend-fund/,roo-investment
ETF 種類全整理》從市值到槓桿，選對 ETF 完成你的理想投資！,https://roo.cash/blog/etf-type-article/,roo-investment
長榮海運配息總整理》2025 長榮海運股利發放日、除權息日、最新配息資訊一把抓,https://roo.cash/blog/2603-dividend-article/,roo-investment
康和證券評價如何？為何投資人偏愛好康fun心投與飆賺下單？,https://roo.cash/blog/concords-tool-intro-corp/,roo-investment
Abbott 亞培股票怎麼買？亞培股價走勢！ABT 美股複委託手續費比較一次看,https://roo.cash/blog/abt-stock-article/,roo-investment
Charles Schwab 嘉信理財股票怎麼買？嘉信理財股價走勢！SCHW 美股複委託手續費比較一次看,https://roo.cash/blog/schw-stock-article/,roo-investment
Amgen 安進股票怎麼買？安進股價走勢！AMGN 美股複委託手續費比較一次看,https://roo.cash/blog/amgn-stock-article/,roo-investment
AbbVie 艾伯維股票怎麼買？艾伯維股價走勢！ABBV 美股複委託手續費比較一次看,https://roo.cash/blog/abbv-stock-article/,roo-investment
Nike 耐吉股票怎麼買？Nike 股價走勢！NKE 美股複委託手續費比較一次看,https://roo.cash/blog/nke-stock-article/,roo-investment
Goldman Sachs 高盛股票怎麼買？高盛股價走勢！GS 美股複委託手續費比較一次看,https://roo.cash/blog/gs-stock-article/,roo-investment
Disney 迪士尼股票怎麼買？迪士尼股價走勢！DIS 美股複委託手續費比較一次看,https://roo.cash/blog/dis-stock-article/,roo-investment
Chevron 雪佛龍股票怎麼買？雪佛龍股價走勢！CVX 美股複委託手續費比較一次看,https://roo.cash/blog/cvx-stock-article/,roo-investment
Micron Technology 美光科技股票怎麼買？美光科技股價走勢！MU 美股複委託手續費比較一次看,https://roo.cash/blog/mu-stock-article/,roo-investment
Intel 英特爾股票怎麼買？英特爾股價走勢！INTC 美股複委託手續費比較一次看,https://roo.cash/blog/intc-stock-article/,roo-investment
McDonald 麥當勞股票怎麼買？麥當勞股價走勢！MCD 美股複委託手續費比較一次看,https://roo.cash/blog/mcd-stock-article/,roo-investment
UnitedHealth 聯合健康集團股票怎麼買？聯合健康股價走勢！UNH 美股複委託手續費比較一次看,https://roo.cash/blog/unh-stock-article/,roo-investment
Eli Lilly 禮來股票怎麼買？禮來股價走勢！LLY 美股複委託手續費比較一次看,https://roo.cash/blog/lly-stock-article/,roo-investment
Visa 威士卡股票怎麼買？威士卡股價走勢！V 美股複委託手續費比較一次看,https://roo.cash/blog/v-stock-article/,roo-investment
Netflix 網飛股票怎麼買？網飛股價走勢！NFLX 美股複委託手續費比較一次看,https://roo.cash/blog/nflx-stock-article/,roo-investment
JPMorgan Chase 摩根大通股票怎麼買？摩根大通股價走勢！JPM 美股複委託手續費比較一次看,https://roo.cash/blog/jpm-stock-article/,roo-investment
Coca Cola 可口可樂股票怎麼買？可口可樂股價走勢！KO 美股複委託手續費比較一次看,https://roo.cash/blog/ko-stock-article/,roo-investment
Costco 好市多股票怎麼買？好市多股價走勢！COST 美股複委託手續費比較一次看,https://roo.cash/blog/cost-stock-article/,roo-investment
Amazon 亞馬遜股票怎麼買？亞馬遜股價走勢！AMZN 美股複委託手續費比較一次看,https://roo.cash/blog/amzn-stock-article/,roo-investment
BRK.B 波克夏 B 等級股票怎麼買？BRK.B股價走勢、美股複委託手續費比較一次看,https://roo.cash/blog/brkb-stock-article/,roo-investment
Palantir 帕蘭泰爾股票怎麼買？帕蘭泰爾股價走勢！PLTR 美股複委託手續費比較一次看,https://roo.cash/blog/pltr-stock-article/,roo-investment
GOOG 谷歌 C 類股票怎麼買？與 GOOGL 差異？GOOG 股價走勢、美股複委託手續費比較一次看,https://roo.cash/blog/goog-stock-article/,roo-investment
GOOGL 谷歌 A 類股票怎麼買？與 GOOG 差異？GOOGL 股價走勢、美股複委託手續費比較一次看,https://roo.cash/blog/googl-stock-article/,roo-investment
Meta Platforms 臉書母公司股票怎麼買？臉書股價走勢！META 美股複委託手續費比較一次看,https://roo.cash/blog/meta-stock-article/,roo-investment
AMD 超微半導體股票怎麼買？超微股價走勢！AMD 美股複委託手續費比較一次看,https://roo.cash/blog/amd-stock-article/,roo-investment
韓國換匯懶人包》韓國哪裡換韓幣最好？韓元換匯推薦地點與注意事項一篇看！,https://roo.cash/blog/travel-korea-exchange-money/,roo-investment
Microsoft 微軟怎麼買？微軟股價走勢！MSFT 美股複委託手續費比較一次看,https://roo.cash/blog/msft-stock-article/,roo-investment
Apple 蘋果怎麼買？蘋果股價走勢！AAPL 美股複委託手續費比較一次看,https://roo.cash/blog/aapl-stock-article/,roo-investment
Broadcom 博通怎麼買？博通股價走勢！AVGO 美股複委託手續費比較一次看,https://roo.cash/blog/avgo-stock-article/,roo-investment
Tesla 特斯拉怎麼買？特斯拉股價走勢！TSLA 美股複委託手續費比較一次看,https://roo.cash/blog/tsla-stock-article/,roo-investment
【金融怪奇週報】每週帶你掌握最新金融時事資訊不漏接！,https://roo.cash/blog/podcast-stranger-tale-finance-weekly/,roo-news
台幣升值大浪來襲｜房市股市會如何？2025投資人必看指南,https://roo.cash/blog/twd-appreciate/,roo-news
鷹派鴿派怎麼看｜投資人不可忽視的關鍵指標,https://roo.cash/blog/hawk-and-dove/,roo-news
一桿進洞險是什麼？高爾夫球員責任附加一桿進洞險比較一次看！,https://roo.cash/blog/golf-insurence-hole-in-one/,roo-news
2025 報稅懶人包》報稅時間至6/30！所得稅扣除額/免稅額/所得稅級距等報稅新制重點,https://roo.cash/blog/tax-introduction/,roo-news
2025 行動支付繳稅》行動支付繳稅優惠、行動支付繳稅教學懶人包（不斷更新）,https://roo.cash/blog/mobile-payment-tax-discount/,roo-news
2025 超商繳稅教學》繳稅也能在 4 大超商賺回饋小秘訣！,https://roo.cash/blog/convenience-store-tax/,roo-news
【房屋稅 2.0 攻略】自用住宅稅率這天前申請才有！房屋稅稅率表整理給你,https://roo.cash/blog/non-self-use-house-tax-article/,roo-news
所得稅溢繳怎麼辦？所得稅溢繳退稅申請流程一次看！,https://roo.cash/blog/tax-overpaid-return/,roo-news
牌照稅金額查詢》汽機車牌照稅幾月繳？牌照稅優惠、級距表一次看！,https://roo.cash/blog/license-tax-search/,roo-news
牌照稅逾期會怎樣？牌照稅逾期查詢、逾期補單 3 大重點！,https://roo.cash/blog/license-tax-overdue/,roo-news
2025 遺產稅免稅額多少？一篇看完遺產免稅額級距、計算方式,https://roo.cash/blog/estate-tax-gift-tax-income-tax-regulation/,roo-news
拋棄繼承流程指南》拋棄繼承時效、順位、應備文件一次看！,https://roo.cash/blog/tax-abandon-inheritance/,roo-news
遺產稅申報》 2025 遺產稅申報流程、申報期限、線上申辦教學！,https://roo.cash/blog/estate-tax-filing/,roo-news
2025 遺產稅免稅額是多少？遺產稅計算方式、課稅級距一次看！,https://roo.cash/blog/estate-tax-regulation/,roo-news
賣房所得稅怎麼算？房地買賣新舊制比較、財產交易所得稅範例試算,https://roo.cash/blog/house-and-land-transactions-income-tax-new/,roo-news
2025 租屋報稅全攻略！租屋報稅條件、所需文件一次看！,https://roo.cash/blog/renter-and-landlord-income-tax-notice/,roo-news
2025 贈與稅免稅額 》贈與稅計算、級距、申報文件一次看,https://roo.cash/blog/gift-tax-calculate/,roo-news
0056 配息時間出爐！這天最後上車日，往年配多少？0056 配息資訊帶你快速看！,https://roo.cash/blog/stock-etf-0056/,roo-news
股票利息所得稅》4 大股票利息所得稅申報注意事項、計算方式！,https://roo.cash/blog/stock-income-tax/,roo-news
2025特別扣除額金額》特別扣除額項目、最新額度一篇看完,https://roo.cash/blog/income-tax-deduction/,roo-news
自然人憑證是什麼？自然人憑證用途、申請要多久一次告訴你！,https://roo.cash/blog/citizen-digital-certificate-application/,roo-news
自然人憑證過期怎麼辦？自然人憑證重新申請、線上申請、展延一次看！,https://roo.cash/blog/tax-citizen-certificate-expired/,roo-news
自然人憑證密碼是什麼？忘記密碼、鎖卡 2 招輕鬆找回！,https://roo.cash/blog/tax-citizen-certificate-password/,roo-news
2025 所得稅免稅額》最新綜合所得稅免稅額、扣除額資訊全整理,https://roo.cash/blog/exemption-tax/,roo-news
2025 最新所得稅稅率級距表、累進差額、試算教學一次看！,https://roo.cash/blog/how-to-calculate-income-tax/,roo-news
房地合一稅2.0》房地合一稅2.0試算、申報重點、流程一篇攻略！,https://roo.cash/blog/house-and-land-transactions-income-tax/,roo-news
2025 夫妻報稅試算》夫妻合併申報免稅額、節稅撇步一次看！,https://roo.cash/blog/couple-income-tax/,roo-news
2025 扶養親屬所得稅》扶養申報方式、扶養親屬條件一篇搞懂,https://roo.cash/blog/parenting-income-tax/,roo-news
2025最新財務紓困指南：延期分期資格、申請方式、文件一篇看,https://roo.cash/blog/tax-relief-package/,roo-news
2025 繳稅分期教學》繳稅分期方式及繳稅分期優缺點分析！,https://roo.cash/blog/tax-installment-pros-and-cons/,roo-news
年收多少要繳稅？綜合所得稅這樣算！告訴你不同收入與身份要繳多少稅！,https://roo.cash/blog/income-tax-calculation-guide/,roo-news
2025 所得稅試算教學》個人所得稅怎麼試算？ 用 3 步驟及財政部試算工具輕鬆算出！,https://roo.cash/blog/income-tax-calculation/,roo-news
房屋稅繳納證明是什麼？房屋稅繳納證明取得方式全攻略,https://roo.cash/blog/house-tax-pay-prove-overdue-payment/,roo-news
川普關稅政策解析》「解放日」從關稅戰到公平互惠計畫，美國關稅如何影響全球！,https://roo.cash/blog/trump-tariff-policy/,roo-news
2025 房屋稅試算教學》各縣市房屋稅率怎麼看？房屋稅現值是什麼？,https://roo.cash/blog/house-tax-calculate/,roo-news
房屋稅怎麼查詢？房屋稅繳納時間、稅單查詢及補發懶人包,https://roo.cash/blog/house-tax-search-calculate/,roo-news
量子電腦是什麼？量子電腦概念股有哪些？Willow 晶片引爆股市！,https://roo.cash/blog/quantum-computing-stock/,roo-news
一卡通 MONEY 牌照稅》iPASS MONEY 繳費有回饋嗎？必知一卡通 MONEY 繳牌照稅攻略！,https://roo.cash/blog/line-pay-money-license-tax/,roo-news
2025 繳稅行事曆》牌照稅、所得稅、房屋稅繳交時間表,https://roo.cash/blog/declare-tax-schedule/,roo-news
2025 LINE Pay 繳稅教學》牌照稅、汽燃費就用 LINE Pay 繳稅！,https://roo.cash/blog/line-pay-tax/,roo-news
關稅戰爭｜從歷史上的關稅矛盾來分析川普政策可能的影響,https://roo.cash/blog/tariff-war/,roo-news
2025 獎學金申請》企業/公廟/教育部留學獎學金申請時間、金額一次看！,https://roo.cash/blog/scholarship-application/,roo-news
2025 年終獎金扣稅》年終獎金多少要扣稅？年終扣稅計算方法一次看懂！,https://roo.cash/blog/year-end-bonus-tax/,roo-news
2025 燃料稅逾期怎麼繳？燃料稅補繳、罰鍰規定一次看！,https://roo.cash/blog/fuel-tax-overdue/,roo-news
2025 燃料稅查詢懶人包》燃料稅線上查詢教學、繳費流程與注意事項一次看！,https://roo.cash/blog/fuel-tax-search/,roo-news
汽機車稅金要繳多少錢？汽機車稅金比較 3 大重點一次看,https://roo.cash/blog/car-and-scooter-tax/,roo-news
地價稅查詢教學》地價稅繳納紀錄、各縣市地價稅查詢、試算一次看 !,https://roo.cash/blog/land-value-tax-search/,roo-news
你的 MBTI 是什麼？四大性格指標、16 型 MBTI 人格特質一次看懂！,https://roo.cash/blog/mbti-article/,roo-news
生命靈數完整解析：1 – 9 號人性格特質、優缺點一次看懂,https://roo.cash/blog/numerology-article/,roo-news
2025 十二星座日期全方位解析：一篇整理各星座生活、工作、感情性格！,https://roo.cash/blog/constellation-article/,roo-news
勞退自提報稅新制》薪資所得扣除自提勞退、計算方法一次教你！,https://roo.cash/blog/tax-labor-pension/,roo-news
2025 地價稅自用住宅減免辦法！自用住宅申請條件、常見問題,https://roo.cash/blog/land-value-tax-self-use-residential/,roo-news
健保卡報稅 vs. 手機報稅哪個方便？選擇符合自己的報稅方式！,https://roo.cash/blog/nhi-card-and-phone-income-tax-comparison/,roo-news
保險列舉扣除額有哪些？保險費扣除額 5 大注意事項抵稅、節稅超有感！,https://roo.cash/blog/premium-listed-deduction/,roo-news
所得稅報稅收執聯是什麼？所得稅報稅收執聯下載、申請、補印方式！,https://roo.cash/blog/income-tax-receipts-download/,roo-news
自由業報稅怎麼報？自由業所得、勞務報酬單必讀報稅資訊！,https://roo.cash/blog/freelance-tax-return/,roo-news
租稅新制與民法下修 18 歲》租稅新制下的影響權益一次看！,https://roo.cash/blog/civil-law-18-tax-new-system/,roo-news
減額繳清是什麼？可以拿回本金嗎？優缺點一次看！,https://roo.cash/blog/insurence-rpu/,roo-news
2025 所得稅申報管道》所得稅申報方式優缺點比較一次看！,https://roo.cash/blog/income-tax-filing/,roo-news
扣繳憑單是什麼？扣繳憑單看不懂怎麼辦？發放時間、申請重點一次看！,https://roo.cash/blog/income-tax-withholding-tax-statement/,roo-news
如何取得報稅查詢碼？報稅查詢碼線上、超商取得 5 方式一次看！,https://roo.cash/blog/tax-income-query-code/,roo-news
健保卡報稅教學》健保卡網路報稅、註冊密碼、無讀卡機也能輕鬆報稅！,https://roo.cash/blog/nhi-card-income-tax-introduction/,roo-news
所得稅繳稅拆單教學》所得稅怎麼拆單？所得稅拆單 5 步驟一次看！,https://roo.cash/blog/income-tax-split-bill/,roo-news
2025 保險體檢醫院》精選 9 大保險公司體檢項目、特約醫院列表一次看！,https://roo.cash/blog/insurance-physical-examination-hospital/,roo-news
房貸利息抵稅申請》房貸利息抵稅申請條件、證明文件一次看,https://roo.cash/blog/mortgage-interest-tax-credit/,roo-news
2025 首報族報稅教學》報稅資格、方式？第一次報稅就看這篇,https://roo.cash/blog/first-tax-filing-guide/,roo-news
2025 房屋稅繳納方式》房屋稅繳納時間、繳納方式優缺點一次看！,https://roo.cash/blog/house-tax-payment/,roo-news
生前贈與 vs. 死後繼承差在哪？2025 遺產稅、贈與稅稅率計算一次看！,https://roo.cash/blog/estate-tax-gift-tax-pros-and-cons/,roo-news
2025 國民旅遊補助》出國登錄月月抽5000，豐富大獎等你抽！,https://roo.cash/blog/travel-subsidy/,roo-news
外溢保單是什麼？回饋金怎麼領？外溢保單優缺點一次看！,https://roo.cash/blog/spillover-insurance-intro/,roo-news
2025 公務員退休金所得稅》公務員退休金免稅額、試算範例一次看！,https://roo.cash/blog/civil-servant-pension-tax/,roo-news
2025 實支實付意外險》副本已全面改正本理賠！新制上路懶人包,https://roo.cash/blog/accident-insurance-pay-as-you-go/,roo-news
被狗咬保險會理賠嗎？意外受傷理賠保險一次看！,https://roo.cash/blog/accident-insurance-dog-bite/,roo-news
醫藥費扣除額項目有哪些？醫藥費扣除額上限、注意事項一次看,https://roo.cash/blog/medical-expense-itemized-deduction-notice/,roo-news
2025 手機報稅教學》5 步驟輕鬆報稅！手機繳稅詳細流程一次看懂！,https://roo.cash/blog/phone-income-tax/,roo-news
退休金要報稅嗎？2025 退休金免稅額、課稅級距、請領方式一次看,https://roo.cash/blog/retirement-pension-tax/,roo-news
所得稅逾期申報》個人欠稅查詢、滯納金計算、退稅資訊一次看,https://roo.cash/blog/income-tax-overdue/,roo-news
扶養事實證明申報》如何證明扶養親屬？申報扶養證明文件一次看！,https://roo.cash/blog/income-tax-proof-of-support/,roo-news
列舉扣除額 vs. 標準扣除額差在哪？教你 2025 最佳節稅方案！,https://roo.cash/blog/standard-deduction-vs-itemized-deduction/,roo-news
列舉扣除額上限多少？2025 列舉扣除額項目、試算範例一次看！,https://roo.cash/blog/itemized-deduction-tax/,roo-news
有一筆閒錢可投資，但面對市場大跌，該怎麼做？聊聊資產配置的重要性,https://roo.cash/blog/asset-allocation-3/,roo-news
【2025 慈祐宮媽祖遶境】一篇帶你看遶境路線、活動時間、禁忌與報名方式！,https://roo.cash/blog/ciyou-palace-mazu-pilgrimage-article/,roo-news
【2025 北港朝天宮媽祖遶境】活動路線、報名方式與禁忌一次掌握！,https://roo.cash/blog/chaotian-palace-mazu-pilgrimage-article/,roo-news
2025 欠稅查詢》3 大查詢方式教學：欠稅查詢、稅金繳納方式一次看！,https://roo.cash/blog/tax-overdue-search-how-to/,roo-news
TW FidO 行動自然人憑證申請》行動自然人憑證線上註冊教學！,https://roo.cash/blog/tax-mobile-citizen-digital-certificate/,roo-news
夫妻贈與現金要申報嗎？夫妻離婚房屋財產要課稅嗎？申報流程看這篇！,https://roo.cash/blog/couple-gift-tax/,roo-news
海外所得稅試算》3 分鐘教你海外所得免稅額計算、申報流程一次看！,https://roo.cash/blog/overseas-income-tax-introduction/,roo-news
2025 所得稅退稅時間》所得稅退稅查詢、資格一次看！,https://roo.cash/blog/income-tax-refund/,roo-news
2025 捐款抵稅試算》捐款抵稅可以抵多少？試算、申報 3 步驟！,https://roo.cash/blog/tax-donation-credit/,roo-news
2025 標準扣除額一覽表》最新標準扣除額調整、4 大必知重點看這裡,https://roo.cash/blog/standard-deduction-tax/,roo-news
2025 稅額試算通知書何時寄？稅額試算通知書查詢、申請攻略！,https://roo.cash/blog/tax-calculation-notice/,roo-news
扣繳憑單下載教學》個人扣繳憑單查詢、下載流程一次看！,https://roo.cash/blog/tax-withholding-voucher-download/,roo-news
2025 電動車課稅》電動車牌照稅、燃料稅怎麼算？課稅級距、計算一次看！,https://roo.cash/blog/electric-car-license-tax-fuel-tax/,roo-news
【2025 白沙屯媽祖遶境】2025 白沙屯媽祖進香 GPS 路線、日期、禁忌完整整理！,https://roo.cash/blog/baishatun-mazu-pilgrimage-article/,roo-news
2025 全台媽祖廟推薦：八大必訪媽祖廟地址、電話、開放時間一篇看！,https://roo.cash/blog/mazu-temple-article/,roo-news
2025 媽祖生日懶人包：一篇帶你看媽祖生日時間、拜拜習俗與禁忌！,https://roo.cash/blog/mazu-birthday-article/,roo-news
DWS 投信全解析：發展歷程、投資策略與熱門基金一次看！,https://roo.cash/blog/dws-article/,roo-news
富蘭克林坦伯頓投信全解析：發展歷程、投資策略與熱門基金一篇看！,https://roo.cash/blog/franklin-article/,roo-news
宏利投信介紹：核心投資策略、旗下熱門基金與市場布局！,https://roo.cash/blog/manulifeim-article/,roo-news
日本北陸自由行攻略：新潟、富山、石川、福井景點一篇搞定,https://roo.cash/blog/hokuriku-travel-article/,roo-life-discount
熊野古道全攻略：5 大路線介紹、景點推薦與朝聖行前指南！,https://roo.cash/blog/kumano-kodo-article/,roo-life-discount
阿蘇自由行：大觀峰、草千里之濱、阿蘇景點一篇整理！,https://roo.cash/blog/aso-article/,roo-life-discount
別府一日遊全攻略：泡湯美景通通有，走進日本九州的溫泉天堂！,https://roo.cash/blog/beppu-article/,roo-life-discount
貴船神社景點全攻略：京都山間靈地的四季風華與祈緣能量一次掌握！,https://roo.cash/blog/kibune-jinja-article/,roo-life-discount
阿美橫丁介紹：東京上野不得錯過！最熱鬧的商店街購物、美食、交通一次看！,https://roo.cash/blog/ameyoko-article/,roo-life-discount
四天王寺介紹：大阪最古老佛寺一次看懂！五大看點、交通攻略、必去亮點總整理,https://roo.cash/blog/shitennoji-article/,roo-life-discount
樂樂洗越式洗髮｜樂樂洗越式洗髮價格、套餐、分店一次看！,https://roo.cash/blog/viet-headspa-store-lelexi/,roo-life-discount
紫色美人越式洗頭｜紫色美人越式洗頭價格、套餐、預約一次看！,https://roo.cash/blog/viet-headspa-store-purplebeauty/,roo-life-discount
Rosa 越式洗髮｜Rosa 越式洗髮價格、套餐、分店一次看！,https://roo.cash/blog/viet-headspa-store-rosa/,roo-life-discount
高雄越式洗頭推薦｜高雄越式洗頭價格、套餐、推薦品牌一次看！,https://roo.cash/blog/kaohsiung-viet-headspa/,roo-life-discount
新竹越式洗頭推薦｜新竹越式洗頭價格、套餐、各品牌一次看！,https://roo.cash/blog/hsinchu-viet-headspa/,roo-life-discount
中壢越式洗頭推薦｜品牌介紹、套餐方案、價格一次看！,https://roo.cash/blog/zhongli-viet-headspa/,roo-life-discount
Vivi 越式洗頭｜越式洗頭推薦品牌、價格、分店一次看！,https://roo.cash/blog/viet-headspa-store-vivi/,roo-life-discount
台南越式洗頭｜越式洗頭推薦品牌、價格、分店一次看！,https://roo.cash/blog/tainan-viet-headspa/,roo-life-discount
2025 最新 Subway 菜單、點餐教學、信用卡推薦一次看,https://roo.cash/blog/subway-article/,roo-life-discount
2025 四海遊龍菜單》四海遊龍菜單品項與價格資訊一次看,https://roo.cash/blog/yuloong-menu/,roo-life-discount
2025 肯德基菜單》肯德基5月優惠活動、菜單一覽！,https://roo.cash/blog/kfc-menu/,roo-life-discount
2025 漢堡王菜單一次看》最完整漢堡王套餐價格、優惠資訊一次看！,https://roo.cash/blog/burger-king-menu/,roo-life-discount
朵渼越式洗頭｜朵渼越式洗頭價格、全台分店一次看！,https://roo.cash/blog/viet-headspa-store-domei/,roo-life-discount
2025 最新八方雲集菜單價格總整理！八方雲集菜單價格與新品項隨時更新看這裡！,https://roo.cash/blog/8way-menu/,roo-life-discount
金星越式洗髮｜越式洗髮價格、時間、全台分店一次看！,https://roo.cash/blog/viet-headspa-store-venus/,roo-life-discount
台中越式洗頭推薦｜評分最高、質感舒壓精選名單,https://roo.cash/blog/taichung-viet-headspa/,roo-life-discount
加州迪士尼樂園門票攻略》價格、地圖、必玩設施一次看！,https://roo.cash/blog/california-disneyland-tickets/,roo-life-discount
茨城景點推薦：精選 TOP5 美景、美食與交通資訊一次看懂,https://roo.cash/blog/ibaraki-article/,roo-life-discount
佐賀景點推薦 TOP7：從歷史遺跡到自然奇觀，一次走進九州的靜謐風景,https://roo.cash/blog/saga-article/,roo-life-discount
嵐山景點推薦 TOP5：竹林小徑、渡月橋、湯豆腐美食一篇整理！,https://roo.cash/blog/arashiyama-article/,roo-life-discount
富士山景點推薦：從山腳走進日本人心中的聖山，附近景點、山腳下美食一次看！,https://roo.cash/blog/mount-fuji-article/,roo-life-discount
箱根景點地圖： 7 大自然系景點、美食一篇包辦！,https://roo.cash/blog/hakone-article/,roo-life-discount
大阪美食推薦：10 大必吃經典店家，串炸、御好燒、蛋包飯都在這！,https://roo.cash/blog/osaka-food-article/,roo-life-discount
日光景點推薦》日光櫻花季、交通、美食一次看！,https://roo.cash/blog/nikko-travel-guide/,roo-life-discount
御朱印帳是什麼？御朱印帳介紹、御朱印帳使用方法一次看！,https://roo.cash/blog/goshuin-introduction/,roo-life-discount
關西自由行攻略》京都、大阪、奈良必去景點、自由行行程推薦！,https://roo.cash/blog/kansai-free-travel/,roo-life-discount
大阪地鐵攻略》大阪地鐵多日券、地圖、巴士乘車券、末班車整理！,https://roo.cash/blog/osaka-subway-guide/,roo-life-discount
日本三景哪三景？日本三景松島、天橋立、宮島旅遊指南！,https://roo.cash/blog/japan-three-views/,roo-life-discount
大阪逛街攻略》大阪逛街景點 Top 10 推薦、大阪購物必看！,https://roo.cash/blog/osaka-shopping-guide/,roo-life-discount
沖繩親子旅遊攻略》沖繩自由行親子景點、公園、飯店推薦！,https://roo.cash/blog/okinawa-family-trip/,roo-life-discount
東京海洋迪士尼攻略》海洋迪士尼門票、設施、園區地圖總整理！,https://roo.cash/blog/tokyo-disneysea-guide/,roo-life-discount
2025 麥當勞甜心卡》買 A 送 B 優惠整理、麥當勞APP手機點餐新功能將上線！,https://roo.cash/blog/mcdonald-sweetcard/,roo-life-discount
2025 麥當勞5月優惠》限時買一送一特價！捲捲薯條、韓風系列現正推出！,https://roo.cash/blog/mcdonald-menu-and-discount/,roo-life-discount
SOMA 最新菜單》菜單 & 必點品項、支付信用卡推薦一次看,https://roo.cash/blog/soma-menu/,roo-life-discount
2025麻古最新菜單》推薦必點飲料推薦、優惠資訊懶人包！,https://roo.cash/blog/macutea-drink-recommendation/,roo-life-discount
日本富山旅遊攻略》富山天氣好嗎？富山景點、美食一次看！,https://roo.cash/blog/toyama-travel-guide/,roo-life-discount
2025萬波必點飲料推薦｜萬波菜單、優惠支付方式不藏私一次看！,https://roo.cash/blog/wanpo-drink-recommendation/,roo-life-discount
和服介紹》和服的由來、和服種類、穿法、租借地點一次看！,https://roo.cash/blog/kimono-introduction/,roo-life-discount
2025最新 茶聚菜單》菜單、必喝飲品、信用卡推薦一次看！,https://roo.cash/blog/chage-article/,roo-life-discount
東京必吃美食清單》東京必吃燒肉、甜點、拉麵、早餐別錯過！,https://roo.cash/blog/tokyo-must-eat/,roo-life-discount
2025珍煮丹菜單》完整菜單、必喝TOP 5、支付信用卡推薦！,https://roo.cash/blog/truedan-menu/,roo-life-discount
2025約翰紅茶公司》完整菜單、推薦飲品、信用卡優惠一次看！,https://roo.cash/blog/johntea-company-menu/,roo-life-discount
2025 最新COMEBUY 菜單》COMEBUY 推薦飲品、完整菜單、優惠資訊懶人包！,https://roo.cash/blog/comebuy-menu/,roo-life-discount
京都必買伴手禮 2025》京都必買小物、藥妝、精品、零食一次看！,https://roo.cash/blog/kyoto-souvenir-guide/,roo-life-discount
東京上野景點全攻略：賞櫻看熊貓、逛街吃美食一站滿足！,https://roo.cash/blog/ueno-article/,roo-life-discount
鴨川景點推薦：京都靈魂河岸一日散策地圖，必訪景點、美食與交通攻略,https://roo.cash/blog/kamogawa-article/,roo-life-discount
姬路景點總整理：一篇搞懂姬路的在地魅力的最佳玩法！,https://roo.cash/blog/himeji-article/,roo-life-discount
大阪櫻花攻略：2025 花期 ＆TOP7 賞櫻景點一次掌握！,https://roo.cash/blog/osaka-cherry-article/,roo-life-discount
靜岡景點推薦：山海絕景、親子景點與必吃美食一次滿足！,https://roo.cash/blog/shizuoka-article/,roo-life-discount
東京車站景點全攻略：購物、美食與交通一次掌握！,https://roo.cash/blog/tokyo-station-article/,roo-life-discount
通天閣旅遊攻略：大阪經典地標、必吃美食一篇看,https://roo.cash/blog/tsutenkaku-tower-article/,roo-life-discount
藏王樹冰在哪裡》藏王樹冰交通、纜車、即時影像一次看！,https://roo.cash/blog/zao-snow-monsters/,roo-life-discount
上野旅遊攻略》上野有什麼？上野公園開放時間、美食推薦！,https://roo.cash/blog/ueno-tourist-guide/,roo-life-discount
二郎系拉麵是什麼》日本拉麵派系種類？二郎系拉麵特色介紹！,https://roo.cash/blog/jiro-style-ramen/,roo-life-discount
小豆島旅遊指南》小豆島在哪裡？小豆島船班、島上交通一次看！,https://roo.cash/blog/shodoshima-tourist-guide/,roo-life-discount
道頓崛旅遊攻略》道頓崛水上觀光船、心齋橋逛街、螃蟹美食推薦！,https://roo.cash/blog/dotonbori-tourist-guide/,roo-life-discount
長崎景點推薦》長崎景點地圖、親子景點、美食推薦！,https://roo.cash/blog/nagasaki-attractions/,roo-life-discount
天橋立旅遊攻略》天橋立一日遊、纜車、景點一次看！,https://roo.cash/blog/amanohashidate-tourist-guide/,roo-life-discount
【2025 可不可菜單】最新季節限定！經典手搖必喝推薦！,https://roo.cash/blog/kebuke-drink-recommendation/,roo-life-discount
活動推薦平台的米其林指南：七分之二的探索，用神秘客實測解鎖你的生活靈感！,https://roo.cash/blog/twosevenths-corp/,roo-life-discount
2025迷客夏菜單》私藏飲品推薦、優惠、支付方式大公開！,https://roo.cash/blog/milksha-drink-recommendation/,roo-life-discount
2025 春水堂菜單：珍奶發源店的必吃必喝一篇看完,https://roo.cash/blog/chunshuitang-menu-article/,roo-life-discount
2025 再睡5分鐘菜單》完整菜單與推薦必喝一次看,https://roo.cash/blog/nap-tea-menu/,roo-life-discount
2025天仁茗茶菜單》天仁茗茶喫茶趣TOGO必喝推薦,https://roo.cash/blog/tenren-tea-article/,roo-life-discount
茶湯會菜單 2025》茶湯會必點什麼？茶湯會信用卡、行動支付全公開！,https://roo.cash/blog/tp-tea-drink-recommendation/,roo-life-discount
2025樂法最新菜單》必喝人氣推薦！最新優惠活動一次看！,https://roo.cash/blog/lephare-article/,roo-life-discount
【最新】2025 拾汣茶屋菜單：拾汣茶屋人氣必喝飲品全公開！,https://roo.cash/blog/19teahouse-recommendation-article/,roo-life-discount
【2025 最新清心福全菜單】清心必喝 TOP5！價格、支付優惠一次看！,https://roo.cash/blog/chingshin-drink-recommendation/,roo-life-discount
2025 金澤景點全攻略：漫遊歷史街道、體驗職人文化的北陸旅程,https://roo.cash/blog/kanazawa-article/,roo-life-discount
和歌山一日遊：一日遊景點規劃、美食、交通一篇搞定！,https://roo.cash/blog/wakayama-daytour-article/,roo-life-discount
倉敷景點推薦：晴天之都的懷舊風情與藝術之旅！,https://roo.cash/blog/kurashiki-article/,roo-life-discount
2025 函館景點推薦！人氣打卡、歷史巡禮與美食探索一次滿足,https://roo.cash/blog/hakodate-article/,roo-life-discount
自由之丘一日行程：最優雅的購物天堂！景點、交通一次看,https://roo.cash/blog/jiyugaoka-article/,roo-life-discount
小樽自由行懶人包：小樽景點 TOP6、美食、交通全攻略,https://roo.cash/blog/otaru-article/,roo-life-discount
福岡親子旅遊攻略》親子飯店推薦、親子公園、博物館整理！,https://roo.cash/blog/fukuoka-kids-activities/,roo-life-discount
池袋景點推薦》2025 池袋必訪景點、親子景點一次整理給你！,https://roo.cash/blog/ikebukuro-attractions/,roo-life-discount
高千穗峽旅遊攻略》高千穗峽旅遊季節？交通、划船預約一次看！,https://roo.cash/blog/takachiho-gorge-guide/,roo-life-discount
南港 Lalaport 餐廳推薦、精選日本直送食材、頂級肉品別錯過！,https://roo.cash/blog/lalaport-nangang-introduction/,roo-life-discount
東京晴空塔攻略》東京晴空塔門票資訊、美食、周邊景點一次看！,https://roo.cash/blog/tokyo-skytree/,roo-life-discount
東京近郊景點推薦》東京近郊一日遊、冬天夏天景點整理！,https://roo.cash/blog/tokyo-suburbs-tourist-spots/,roo-life-discount
沖繩購物攻略》沖繩必逛購物中心、商店街推薦、必買伴手禮一次看！,https://roo.cash/blog/okinawa-shopping-guide/,roo-life-discount
【2025 最新】先喝道英式茶飲特調菜單！必喝 Top 6不私藏！,https://roo.cash/blog/taotaotea-recommendation-article/,roo-life-discount
【2025 得正最新菜單】 7 杯人氣飲品推薦！茶控必喝手搖！,https://roo.cash/blog/oolongproject-drink-recommendation-article/,roo-life-discount
【八曜和茶2025菜單】超人氣手搖飲 Top10 喝哪杯？,https://roo.cash/blog/hachiyotea-drink-recommendation-article/,roo-life-discount
【2025 最新】50 嵐菜單價格看這篇！ 網友激推 5 款必喝推薦、隱藏優惠一次看！,https://roo.cash/blog/50-lan-drink-recommendation/,roo-life-discount
全家霜淇淋 5 月新口味：bbq.CHICKEN聯名「蜂蜜柚橘」清甜果香來襲！,https://roo.cash/blog/familymart-icecream-article/,roo-life-discount
【京都到大阪交通全攻略】推薦電車路線＋必備交通票券一次掌握！京都到大阪交通卡懶人包,https://roo.cash/blog/kyoto-osaka-transportation-article/,roo-life-discount
【2025最新】必備沖繩交通卡！沖繩交通方式與大眾運輸完整攻略,https://roo.cash/blog/okinawa-transportation-article/,roo-life-discount
銀座自由行攻略：2025 必逛景點、美食推薦、交通指南懶人包！,https://roo.cash/blog/ginza-article/,roo-life-discount
青森自由行攻略：必訪景點、美食推薦與交通指南一次掌握！,https://roo.cash/blog/aomori-article/,roo-life-discount
宇治一日遊：必玩景點、美食推薦與交通指南全攻略,https://roo.cash/blog/uji-article/,roo-life-discount
九州行程全攻略：必去景點、美食懶人包一次搞定！,https://roo.cash/blog/kyushu-article/,roo-life-discount
吉祥寺怎麼玩？》吉祥寺美食推薦、必逛景點、櫻花時間一次看！,https://roo.cash/blog/kichijoji-tourist-guide/,roo-life-discount
