標題,連結,更新日期
2025 星巴克儲值回饋信用卡推薦　LINE Pay隨行卡／星巴克會員優惠／星哩程介紹,https://www.money101.com.tw/blog/%E6%98%9F%E5%B7%B4%E5%85%8B%E5%84%B2%E5%80%BC%E4%BF%A1%E7%94%A8%E5%8D%A1%E6%8E%A8%E8%96%A6-linepay%E9%9A%A8%E8%A1%8C%E5%8D%A1,"May 6, 2025"
2025 iLEO 信用卡解析：最高9%回饋，國內消費/行動支付/海外回饋/刷卡優惠/申請條件/年費,https://www.money101.com.tw/blog/ileo%E4%BF%A1%E7%94%A8%E5%8D%A1,"Feb 18, 2025"
2025 星展eco永續卡全面升級！海外回饋衝最高9.8%,https://www.money101.com.tw/blog/2025-%E6%98%9F%E5%B1%95eco%E6%B0%B8%E7%BA%8C%E5%8D%A1,"Jan 22, 2025"
Onlyfans信用卡推薦》OnlyFans 是什麼？OnlyFans 訂閱教學/台灣費用及優惠,https://www.money101.com.tw/blog/onlyfans%E4%BF%A1%E7%94%A8%E5%8D%A1%E6%8E%A8%E8%96%A6,"Jan 18, 2025"
台新FlyGo卡2025權益出爐！最新台新FlyGo卡回饋/機票/機場接送/海外回饋/旅平險權益一次看,https://www.money101.com.tw/blog/%E5%8F%B0%E6%96%B0flygo%E5%8D%A1-%E5%9B%9E%E9%A5%8B,"Dec 25, 2024"
日本PayPay是什麼？台灣人如何使用PayPay？全支付/街口支付/玉山Wallet/iPASS MONEY PayPay回饋一次看,https://www.money101.com.tw/blog/%E6%97%A5%E6%9C%ACpaypay-%E5%9B%9E%E9%A5%8B,"Dec 23, 2024"
NCCC小額支付平台是什麼？通路有哪些？這樣刷才能拿回饋！　小額平台通路／行動支付繞道／信用卡回饋,https://www.money101.com.tw/blog/nccc%E5%B0%8F%E9%A1%8D%E6%94%AF%E4%BB%98%E5%B9%B3%E5%8F%B0%E9%80%9A%E8%B7%AF%E5%9B%9E%E9%A5%8B,"Dec 20, 2024"
2024/2025 Hami Video 最新完整方案介紹　免費序號／信用卡回饋推薦／優惠活動,https://www.money101.com.tw/blog/hami-video-%E5%85%8D%E8%B2%BB%E5%BA%8F%E8%99%9F-%E4%BF%A1%E7%94%A8%E5%8D%A1%E6%8E%A8%E8%96%A6,"Dec 13, 2024"
2024最新 Expedia 折扣碼／Rewards獎勵計畫／客服　10張信用卡優惠推薦，最高8%回饋！,https://www.money101.com.tw/blog/expedia%E6%8A%98%E6%89%A3%E7%A2%BC-%E4%BF%A1%E7%94%A8%E5%8D%A1%E6%8E%A8%E8%96%A6,"Dec 6, 2024"
遠東商銀信用卡推薦！行動支付最高12%回饋，獨家首刷禮／現金回饋／百貨停車消費／海外旅遊等優惠一次看,https://www.money101.com.tw/blog/%E9%81%A0%E6%9D%B1%E9%8A%80%E8%A1%8C%E4%BF%A1%E7%94%A8%E5%8D%A1%E6%8E%A8%E8%96%A6,"Nov 19, 2024"
,https://www.money101.com.tw/blog/%E6%96%B0%E5%85%89%E4%B8%89%E8%B6%8A-%E5%8D%97%E8%A5%BF-%E5%8C%96%E5%A6%9D%E5%93%81-%E5%AE%B6%E9%9B%BB-%E8%B3%BC%E7%89%A9-%E6%94%BB%E7%95%A5-%E4%BF%A1%E7%94%A8%E5%8D%A1-skmpay,
,https://www.money101.com.tw/blog/%E6%98%9F%E5%B1%95everyday%E5%A8%81%E5%A3%AB%E5%BE%A1%E7%92%BD%E5%8D%A1,
,https://www.money101.com.tw/blog/%E7%92%B0%E4%BA%9E%E8%B2%B4%E8%B3%93%E5%AE%A4%E5%AE%8C%E6%95%B4%E4%BB%8B%E7%B4%B9-%E4%BF%A1%E7%94%A8%E5%8D%A1%E6%8E%A8%E8%96%A6,
,https://www.money101.com.tw/blog/%E5%85%A8%E5%AE%B6-%E4%BF%A1%E7%94%A8%E5%8D%A1-%E5%88%B7%E5%8D%A1-%E5%84%AA%E6%83%A0,
,https://www.money101.com.tw/blog/netflix-%E8%BF%BD%E5%8A%87-%E5%BD%B1%E9%9B%86-%E9%9F%93%E5%8A%87-%E7%BE%8E%E5%8A%87-%E6%97%A5%E5%8A%87,
,https://www.money101.com.tw/blog/%E4%BF%A1%E7%94%A8%E5%8D%A1%E5%88%B7%E9%80%B2%E8%B6%85%E5%95%86-%E9%80%99%E6%A8%A3%E6%94%AF%E4%BB%98%E5%A5%BD%E5%BA%B7%E5%84%AA%E6%83%A0%E8%B3%BA%E5%BE%88%E5%A4%A7,
,https://www.money101.com.tw/blog/%E9%BA%A5%E7%95%B6%E5%8B%9E%E8%8F%9C%E5%96%AE-%E6%97%A9%E9%A4%90-%E8%B6%85%E5%80%BC%E5%85%A8%E9%A4%90-11-%E5%83%B9%E6%A0%BC-%E5%84%AA%E6%83%A0-%E4%BF%A1%E7%94%A8%E5%8D%A1%E6%8E%A8%E8%96%A6,
,https://www.money101.com.tw/blog/priority-pass-%E6%A9%9F%E5%A0%B4%E8%B2%B4%E8%B3%93%E5%AE%A4-%E6%96%B0%E8%B2%B4%E9%80%9A-%E6%96%B0%E8%B2%B4%E9%80%9A%E8%B2%B4%E8%B3%93%E5%AE%A4-%E4%BF%A1%E7%94%A8%E5%8D%A1,
,https://www.money101.com.tw/blog/%E8%B2%B4%E8%B3%93%E5%AE%A4-%E7%BE%8E%E5%9C%8B%E9%81%8B%E9%80%9A-%E7%BE%8E%E5%9C%8B%E9%81%8B%E9%80%9A%E8%B2%B4%E8%B3%93%E5%AE%A4,
,https://www.money101.com.tw/blog/%E8%A8%88%E7%A8%8B%E8%BB%8A-linetaxi-uber-yoxi-%E5%8F%B0%E7%81%A3%E5%A4%A7%E8%BB%8A%E9%9A%8A,
,https://www.money101.com.tw/blog/%E5%A4%96%E5%B9%A3-%E9%9B%99%E5%B9%A3%E5%8D%A1-%E5%A4%96%E5%B9%A3%E4%BF%A1%E7%94%A8%E5%8D%A1-%E7%94%B3%E8%BE%A6%E6%A2%9D%E4%BB%B6,
,https://www.money101.com.tw/blog/%E4%BF%A1%E7%94%A8%E5%8D%A1-%E7%B9%B3%E5%AD%B8%E8%B2%BB-%E5%88%86%E6%9C%9F,
,https://www.money101.com.tw/blog/google-pay-%E7%B6%81%E5%AE%9A%E6%95%99%E5%AD%B8-%E6%9C%89-google-%E5%B8%B3%E6%88%B6%E5%B0%B1%E8%83%BD%E7%84%A1%E8%85%A6%E5%97%B6%E5%97%B6%E6%94%AF%E4%BB%98,
,https://www.money101.com.tw/blog/%E9%AB%98%E9%90%B5-%E5%84%AA%E6%83%A0-%E6%A8%99%E6%BA%96%E8%BB%8A%E5%BB%82-%E4%BF%A1%E7%94%A8%E5%8D%A1-%E7%B4%85%E5%88%A9%E9%BB%9E%E6%95%B8-%E6%8A%98%E6%8A%B5-%E7%A5%A8%E5%83%B9-%E5%AE%A2%E6%9C%8D,
,https://www.money101.com.tw/blog/%E6%82%A0%E9%81%8A%E5%8D%A1-%E4%B8%80%E5%8D%A1%E9%80%9A-%E8%87%AA%E5%8B%95%E5%8A%A0%E5%80%BC-%E8%87%AA%E5%8B%95%E5%8A%A0%E5%80%BC%E4%BF%A1%E7%94%A8%E5%8D%A1-%E6%82%A0%E9%81%8A%E5%8D%A1%E8%87%AA%E5%8B%95%E5%8A%A0%E5%80%BC,
,https://www.money101.com.tw/blog/%E8%A1%8C%E5%8B%95%E6%94%AF%E4%BB%98-line-pay-%E4%B8%80%E5%8D%A1%E9%80%9A-%E8%A1%97%E5%8F%A3%E6%94%AF%E4%BB%98-%E5%8F%B0%E7%81%A3pay-pi%E9%8C%A2%E5%8C%85,
,https://www.money101.com.tw/blog/%E5%85%A8%E7%9B%88pay,
,https://www.money101.com.tw/blog/uber-ubereats-%E4%BF%A1%E7%94%A8%E5%8D%A1-%E5%84%AA%E6%83%A0-%E7%8F%BE%E9%87%91%E5%9B%9E%E9%A5%8B%E4%BF%A1%E7%94%A8%E5%8D%A1-%E5%84%AA%E6%83%A0-%E7%8F%BE%E9%87%91%E5%9B%9E%E9%A5%8B,
,https://www.money101.com.tw/blog/%E4%BF%A1%E7%94%A8%E5%8D%A1-%E7%87%83%E6%96%99%E8%B2%BB-%E5%88%86%E6%9C%9F-%E5%9B%9E%E9%A5%8B-%E5%84%AA%E6%83%A0,
,https://www.money101.com.tw/blog/line-pay-money-%E6%98%AF%E4%BB%80%E9%BA%BC-%E8%A8%BB%E5%86%8A-%E5%84%B2%E5%80%BC%E6%95%99%E5%AD%B8%E5%8F%8A%E8%BF%91%E6%9C%9F%E5%9B%9E%E9%A5%8B%E8%A7%A3%E6%9E%90,
,https://www.money101.com.tw/blog/%E5%85%A8%E6%94%AF%E4%BB%98,
,https://www.money101.com.tw/blog/%E4%BF%A1%E7%94%A8%E5%8D%A1%E5%84%AA%E6%83%A0%E6%83%85%E5%A0%B1%EF%BD%89,
,https://www.money101.com.tw/blog/linepay-%E6%94%BB%E7%95%A5-%E5%9B%9E%E9%A5%8B-%E7%B6%81%E5%AE%9A%E6%96%B9%E5%BC%8F,
,https://www.money101.com.tw/blog/%E6%A9%9F%E7%A5%A8-%E6%A9%9F%E7%A5%A8%E5%AE%9A%E5%83%B9-%E5%AE%9A%E5%83%B9%E5%8E%9F%E7%90%86-%E5%87%BA%E5%9C%8B,
,https://www.money101.com.tw/blog/%E6%AD%90%E6%B4%B2%E6%97%85%E9%81%8A-%E9%80%80%E7%A8%85-%E4%BF%A1%E7%94%A8%E5%8D%A1%E6%8E%A8%E8%96%A6-%E6%AD%90%E6%B4%B2%E6%97%85%E9%81%8A%E4%BF%A1%E7%94%A8%E5%8D%A1,
,https://www.money101.com.tw/blog/%E7%87%83%E6%96%99%E7%A8%85-%E5%B9%BE%E6%9C%88-%E9%81%8E%E6%9C%9F-%E9%80%BE%E6%9C%9F-%E7%B4%9A%E8%B7%9D,
,https://www.money101.com.tw/blog/%E5%9C%8B%E6%B3%B0cube%E5%8D%A1-app,
,https://www.mone/blog/%E9%A6%99%E6%B8%AF-%E9%A6%99%E6%B8%AF%E6%97%85%E9%81%8A-%E9%A6%99%E6%B8%AF%E4%BF%A1%E7%94%A8%E5%8D%A1%E6%8E%A8%E8%96%A6,
,https://www.money101.com.tw/blog/%E5%9C%B0%E5%83%B9%E7%A8%85-%E7%B9%B3%E7%B4%8D-%E4%BF%A1%E7%94%A8%E5%8D%A1-%E5%88%B7%E5%8D%A1-%E6%89%8B%E7%BA%8C%E8%B2%BB-%E5%88%86%E6%9C%9F,
,https://www.money101.com.tw/blog/%E6%96%B0%E5%8A%A0%E5%9D%A1%E6%97%85%E9%81%8A%E4%BF%A1%E7%94%A8%E5%8D%A1%E6%8E%A8%E8%96%A6,
,https://www.money101.com.tw/blog/%E7%BE%8E%E5%9C%8B%E6%97%85%E9%81%8A%E4%BF%A1%E7%94%A8%E5%8D%A1%E6%8E%A8%E8%96%A6-pod,
,https://www.money101.com.tw/blog/happygo-%E9%BB%9E%E6%95%B8-%E9%9B%86%E9%BB%9E-%E5%85%8C%E6%8F%9B-%E6%8A%98%E6%8A%B5-%E9%80%9A%E8%B7%AF,
,https://www.money101.com.tw/blog/%E8%A1%8C%E5%8B%95%E6%94%AF%E4%BB%98-%E5%8A%A0%E6%B2%B9%E7%AB%99-%E8%A1%97%E5%8F%A3%E6%94%AF%E4%BB%98-linepay-applepay,
,https://www.money101.com.tw/blog/%E8%9D%A6%E7%9A%AE%E4%BF%A1%E7%94%A8%E5%8D%A1%E6%8E%A8%E8%96%A6-%E8%9D%A6%E7%9A%AE-%E8%9D%A6%E5%B9%A3-%E7%B6%B2%E8%B3%BC,
,https://www.money101.com.tw/blog/momo-%E4%BF%A1%E7%94%A8%E5%8D%A1%E5%84%AA%E6%83%A0-%E5%84%B2%E5%80%BC-%E8%A1%8C%E5%8B%95%E6%94%AF%E4%BB%98,
,https://www.money101.com.tw/blog/%E9%9F%93%E5%9C%8B-%E9%9B%BB%E5%95%86-%E7%B6%B2%E8%B3%BC-coupang-%E9%85%B7%E6%BE%8E%E4%BF%A1%E7%94%A8%E5%8D%A1,
,https://www.money101.com.tw/blog/%E6%AD%90%E4%BB%98%E5%AF%B6-%E6%AD%90%E4%BB%98%E5%AF%B6%E4%BF%A1%E7%94%A8%E5%8D%A1%E6%8E%A8%E8%96%A6-%E7%B6%81%E5%AE%9A%E5%9B%9E%E9%A5%8B,
,https://www.money101.com.tw/blog/%E7%B6%B2%E8%B3%BC%E4%BF%A1%E7%94%A8%E5%8D%A1%E6%8E%A8%E8%96%A6,
,https://www.money101.com.tw/blog/pchome-%E4%BF%A1%E7%94%A8%E5%8D%A1%E6%8E%A8%E8%96%A6-%E5%84%B2%E5%80%BC-%E8%A1%8C%E5%8B%95%E6%94%AF%E4%BB%98,
,https://www.money101.com.tw/blog/%E4%BF%A1%E7%94%A8%E5%8D%A1%E9%A6%96%E5%88%B7%E7%A6%AE%E6%8E%A8%E8%96%A6,
,https://www.money101.com.tw/blog/%E7%8E%8B%E5%93%81%E7%98%8B%E7%BE%8E%E9%A3%9Fapp%E4%BF%A1%E7%94%A8%E5%8D%A1%E6%8E%A8%E8%96%A6,
,https://www.money101.com.tw/blog/%E5%9C%8B%E5%85%A7%E7%A7%9F%E8%BB%8A%E6%8E%A8%E8%96%A6-%E7%A7%9F%E8%BB%8A%E4%BF%A1%E7%94%A8%E5%8D%A1%E6%8E%A8%E8%96%A6-%E7%A7%9F%E8%BB%8A%E5%84%AA%E6%83%A0,
,https://www.money101.com.tw/blog/%E6%B0%B8%E8%B1%90%E4%BF%A1%E7%94%A8%E5%8D%A1%E6%8E%A8%E8%96%A6,
,https://www.money101.com.tw/blog/%E7%8E%89%E5%B1%B1%E5%AF%B6%E9%9B%85%E8%81%AF%E5%90%8D%E5%8D%A1,
,https://www.money101.com.tw/blog/line-taxi-%E8%A9%95%E5%83%B9-%E5%84%AA%E6%83%A0,
,https://www.money101.com.tw/blog/gogoro-%E9%9B%BB%E5%8B%95%E8%BB%8A-%E9%9B%BB%E5%8B%95%E6%A9%9F%E8%BB%8A-%E9%9B%BB%E6%B1%A0%E8%B3%87%E8%B2%BB-%E8%B3%BC%E8%BB%8A%E4%BF%A1%E7%94%A8%E5%8D%A1,
,https://www.money101.com.tw/blog/volte-vowifi-4g,
,https://www.money101.com.tw/blog/%E5%9C%8B%E6%B3%B0%E4%B8%96%E8%8F%AF-cube%E5%8D%A1-%E6%AC%8A%E7%9B%8A,
,https://www.money101.com.tw/blog/netflix-%E8%A9%A6%E7%94%A8-%E6%96%B9%E6%A1%88-%E8%B2%BB%E7%94%A8-%E7%95%AB%E8%B3%AA-%E8%A8%BB%E5%86%8A,
,https://www.money101.com.tw/blog/amex-%E7%BE%8E%E5%9C%8B%E9%81%8B%E9%80%9A-%E7%BE%8E%E5%9C%8B%E9%81%8B%E9%80%9A%E5%8D%A1-%E7%BE%8E%E5%9C%8B%E9%81%8B%E9%80%9A%E5%8D%A1%E5%84%AA%E6%83%A0-%E9%A4%90%E5%BB%B3%E5%84%AA%E6%83%A0-%E4%BD%8F%E5%AE%BF%E6%8A%98%E6%89%A3,
,https://www.money101.com.tw/blog/agoda-%E8%A8%82%E6%88%BF-%E4%BF%A1%E7%94%A8%E5%8D%A1-%E6%8A%98%E6%89%A3%E7%A2%BC-%E5%8F%B0%E7%81%A3%E5%AE%A2%E6%9C%8D,
,https://www.money101.com.tw/blog/%E7%8F%BE%E9%87%91%E5%9B%9E%E9%A5%8B-%E6%97%85%E8%A1%8C%E7%A4%BE-%E4%BF%A1%E7%94%A8%E5%8D%A1-%E5%8F%AF%E6%A8%82%E6%97%85%E9%81%8A-%E9%9B%84%E7%8D%85%E6%97%85%E9%81%8A-%E6%9D%B1%E5%8D%97%E6%97%85,
,https://www.money101.com.tw/blog/%E4%BF%A1%E7%94%A8%E5%8D%A1-%E9%A6%96%E5%88%B7%E7%A6%AE-%E6%95%B4%E7%90%86-%E6%AF%94%E8%BC%83-%E6%8E%A8%E8%96%A6,
,https://www.money101.com.tw/blog/%E6%97%85%E9%81%8A%E5%B9%B3%E5%AE%89%E9%9A%AA-%E6%97%85%E9%81%8A%E4%B8%8D%E4%BE%BF%E9%9A%AA-%E6%97%85%E5%B9%B3%E9%9A%AA-%E4%BF%A1%E7%94%A8%E5%8D%A1-%E5%88%B7%E5%8D%A1,
,https://www.money101.com.tw/blog/%E4%BF%A1%E7%94%A8%E5%8D%A1-%E7%B9%B3%E4%BF%9D%E8%B2%BB-%E7%8F%BE%E9%87%91%E5%9B%9E%E9%A5%8B-%E5%88%86%E6%9C%9F,
,https://www.money101.com.tw/blog/%E5%A8%81%E7%A7%80%E7%A5%A8%E5%83%B9-%E4%BF%A1%E7%94%A8%E5%8D%A1-%E5%84%AA%E6%83%A0,
,https://www.money101.com.tw/blog/zipcar-irent-smart2go-%E6%A0%BC%E4%B8%8A%E8%BB%8A%E5%85%B1%E4%BA%AB-%E5%8F%B0%E7%81%A3-3-%E5%A4%A7%E5%85%B1%E4%BA%AB%E6%B1%BD%E8%BB%8A%E7%A7%9F%E8%BB%8A%E5%84%AA%E6%83%A0%E6%AF%94,
,https://www.money101.com.tw/blog/apple-music-%E5%AD%B8%E7%94%9F%E5%80%8B%E4%BA%BA%E5%AE%B6%E5%BA%AD%E6%96%B9%E6%A1%88%E8%B2%BB%E4%B8%80%E6%AC%A1%E7%9C%8B-%E5%8F%96%E6%B6%88%E8%A8%82%E9%96%B1%E6%AD%A5%E9%A9%9F%E8%AC%9B%E8%A7%A3,
,https://www.money101.com.tw/blog/youtube-premium-%E5%85%8D%E8%B2%BB%E8%A9%A6%E7%94%A8%E4%B8%80%E5%80%8B%E6%9C%88-%E5%AE%B6%E5%BA%AD%E6%96%B9%E6%A1%88-%E5%AD%B8%E7%94%9F%E6%96%B9%E6%A1%88%E5%83%B9%E6%A0%BC%E4%B8%80%E8%A6%BD,
,https://www.money101.com.tw/blog/%E6%82%A0%E9%81%8A%E4%BB%98%E6%80%8E%E9%BA%BC%E7%94%A8-%E4%BF%A1%E7%94%A8%E5%8D%A1%E5%84%AA%E6%83%A0-%E4%BD%BF%E7%94%A8%E5%BA%97%E5%AE%B6-%E8%A1%8C%E5%8B%95%E6%94%AF%E4%BB%98,
,https://www.money101.com.tw/blog/%E5%8F%B0%E7%81%A3pay-%E7%B6%81%E5%AE%9A-%E9%87%91%E8%9E%8D%E5%8D%A1-%E4%BF%A1%E7%94%A8%E5%8D%A1-%E9%8A%80%E8%A1%8C%E5%B8%B3%E6%88%B6,
,https://www.money101.com.tw/blog/%E8%A1%8C%E5%8B%95%E6%94%AF%E4%BB%98-%E7%B9%B3%E8%B2%BB,
,https://www.money101.com.tw/blog/osim-%E6%9D%9C%E6%AF%94%E5%BD%B1%E9%99%A2-%E6%96%B0%E5%85%89%E5%BD%B1%E5%9F%8E-%E9%9B%BB%E5%BD%B1%E7%A5%A8-%E7%A5%A8%E5%83%B9%E5%84%AA%E6%83%A0,
,https://www.money101.com.tw/blog/7-11-%E4%BF%A1%E7%94%A8%E5%8D%A1-%E9%8A%80%E8%A1%8C-icash,
,https://www.money101.com.tw/blog/line-points-%E5%8F%AF%E4%BB%A5%E5%B9%B9%E5%98%9B%E9%9B%86%E9%BB%9E-%E4%BD%BF%E7%94%A8-%E5%85%8C%E6%8F%9B%E6%96%B9%E5%BC%8F%E4%B8%80%E6%AC%A1%E7%9C%8B,
,https://www.money101.com.tw/blog/%E6%98%9F%E5%B7%B4%E5%85%8B-cama-%E5%92%96%E5%95%A1%E8%A9%B2%E5%88%B7%E5%93%AA%E5%BC%B5%E4%BF%A1%E7%94%A8%E5%8D%A1%E5%88%B7%E5%8D%A1%E8%B2%B7%E5%92%96%E5%95%A1%E5%84%AA%E6%83%A0,
,https://www.money101.com.tw/blog/yoxi-%E8%A8%88%E7%A8%8B%E8%BB%8A-%E5%84%AA%E6%83%A0%E7%A2%BC-%E4%BF%A1%E7%94%A8%E5%8D%A1%E6%8E%A8%E8%96%A6,
,https://www.money101.com.tw/blog/wemo-goshare-irent-%E5%85%B1%E4%BA%AB%E6%A9%9F%E8%BB%8A-%E7%AF%84%E5%9C%8D-%E5%84%AA%E6%83%A0,
,https://www.money101.com.tw/blog/%E8%A1%97%E5%8F%A3%E6%94%AF%E4%BB%98-%E4%BF%A1%E7%94%A8%E5%8D%A1-%E8%A1%97%E5%8F%A3%E5%B9%A3-%E8%A1%8C%E5%8B%95%E6%94%AF%E4%BB%98,
,https://www.money101.com.tw/blog/foodpanda-%E7%A9%BA%E8%85%B9%E7%86%8A%E8%B2%93-%E5%A4%96%E9%80%81-%E9%A6%96%E8%B3%BC-%E5%84%AA%E6%83%A0%E7%A2%BC-%E4%BF%A1%E7%94%A8%E5%8D%A1-%E7%8F%BE%E9%87%91%E5%9B%9E%E9%A5%8B-%E7%B6%B2%E8%B3%BC,
,https://www.money101.com.tw/blog/disney-%E6%8E%A8%E8%96%A6-%E5%BD%B1%E9%9B%86-%E7%BE%8E%E5%8A%87-%E9%9F%93%E5%8A%87-%E5%8F%B0%E5%8A%87,
,https://www.money101.com.tw/blog/%E6%9C%80%E6%96%B0%E5%80%BC%E5%BE%97%E9%97%9C%E6%B3%A8%E4%BF%A1%E7%94%A8%E5%8D%A1,
,https://www.money101.com.tw/blog/shopback-%E7%B6%B2%E8%B3%BC-%E7%8F%BE%E9%87%91%E5%9B%9E%E9%A5%8B-%E6%95%99%E5%AD%B8,
,https://www.money101.com.tw/blog/apple%E7%A6%AE%E5%93%81%E5%8D%A1-applestore%E7%A6%AE%E5%93%81%E5%8D%A1-%E8%B3%BC%E8%B2%B7%E6%96%B9%E5%BC%8F-%E6%80%8E%E9%BA%BC%E5%85%8C%E6%8F%9B,
,https://www.money101.com.tw/blog/apple-%E8%98%8B%E6%9E%9C-iphone-applewatch-airpods-%E4%BA%AE%E9%BB%9E-%E5%94%AE%E5%83%B9,
,https://www.money101.com.tw/blog/iphone%E9%9B%BB%E4%BF%A1%E8%B3%87%E8%B2%BB%E6%96%B9%E6%A1%88,
,https://www.money101.com.tw/blog/%E5%90%84%E5%AE%B6%E9%8A%80%E8%A1%8C-%E5%85%8D%E8%B2%BB%E6%A9%9F%E5%A0%B4%E6%8E%A5%E9%80%81-%E4%BF%A1%E7%94%A8%E5%8D%A1-%E6%95%B4%E7%90%86,
,https://www.money101.com.tw/blog/visa%E4%BF%A1%E7%94%A8%E5%8D%A1%E9%87%91%E8%9E%8D%E5%8D%A1%E6%8E%A8%E8%96%A6,
,https://www.money101.com.tw/blog/%E6%A9%9F%E5%A0%B4%E8%B2%B4%E8%B3%93%E5%AE%A4-%E5%85%8D%E8%B2%BB-%E4%BF%A1%E7%94%A8%E5%8D%A1%E5%84%AA%E6%83%A0,
,https://www.money101.com.tw/blog/mastercard%E4%BF%A1%E7%94%A8%E5%8D%A1-%E5%84%AA%E6%83%A0,
,https://www.money101.com.tw/blog/%E9%BA%A5%E7%95%B6%E5%8B%9E%E6%94%AF%E4%BB%98%E6%94%BB%E7%95%A5,
,,
,https://www.money101.com.tw/blog/%E5%85%A8%E5%8F%B0%E7%A7%80%E6%B3%B0%E5%BD%B1%E5%9F%8E%E7%A5%A8%E5%83%B9-%E4%BF%A1%E7%94%A8%E5%8D%A1%E6%8E%A8%E8%96%A6-%E6%9C%83%E5%93%A1%E5%88%B6%E5%BA%A6,
,https://www.money101.com.tw/blog/%E5%8C%97%E6%8D%B7-%E5%85%B1%E4%BA%AB%E9%9B%A8%E5%82%98-raingo-raingo%E5%85%B1%E4%BA%AB%E5%82%98-%E7%A7%9F%E5%80%9F%E6%AD%B8%E9%82%84%E6%B5%81%E7%A8%8B-%E4%BF%A1%E7%94%A8%E5%8D%A1%E6%8E%A8%E8%96%A6,
,https://www.money101.com.tw/blog/apple-iphone-apple%E4%BF%A1%E7%94%A8%E5%8D%A1%E6%8E%A8%E8%96%A6-studioa-studioa%E4%BF%A1%E7%94%A8%E5%8D%A1,
,https://www.money101.com.tw/blog/%E9%9B%B6%E5%88%A9%E7%8E%87%E5%88%86%E6%9C%9F%E4%BF%A1%E7%94%A8%E5%8D%A1%E6%8E%A8%E8%96%A6,
,https://www.money101.com.tw/blog/jcb-jcb%E5%8D%A1-jcb%E4%BF%A1%E7%94%A8%E5%8D%A1-%E4%BF%A1%E7%94%A8%E5%8D%A1%E5%84%AA%E6%83%A0-%E7%AD%89%E7%B4%9A,
,https://www.money101.com.tw/blog/%E5%8D%A1%E8%B2%BB-%E7%B9%B3%E5%8D%A1%E8%B2%BB-%E4%BF%A1%E7%94%A8%E5%8D%A1%E8%B2%BB-%E7%B9%B3%E5%8D%A1%E8%B2%BB%E6%96%B9%E6%B3%95,
,https://www.money101.com.tw/blog/%E9%87%8C%E7%A8%8B-%E5%93%A9%E7%A8%8B-%E4%BA%9E%E6%B4%B2%E8%90%AC%E9%87%8C%E9%80%9A-%E4%BA%9E%E6%B4%B2%E8%90%AC%E9%87%8C%E9%80%9A%E4%BF%A1%E7%94%A8%E5%8D%A1-%E6%A9%9F%E7%A5%A8%E5%8D%87%E7%AD%89,
,https://www.money101.com.tw/blog/%E9%BE%8D%E9%A8%B0%E8%B2%B4%E8%B3%93%E5%AE%A4-%E4%BF%A1%E7%94%A8%E5%8D%A1-%E5%85%8D%E8%B2%BB,
,https://www.money101.com.tw/blog/%E7%88%AD%E8%AD%B0%E6%AC%BE-%E4%BF%A1%E7%94%A8%E5%8D%A1%E7%88%AD%E8%AD%B0%E6%AC%BE-%E8%99%95%E7%90%86%E6%96%B9%E5%BC%8F,
,https://www.money101.com.tw/blog/%E7%99%BC%E5%8D%A1%E7%B5%84%E7%B9%94%E9%A4%90%E5%BB%B3%E5%84%AA%E6%83%A0,
,https://www.money101.com.tw/blog/%E6%B0%B8%E8%B1%90sport%E5%8D%A1-pod,
,https://www.money101.com.tw/blog/%E7%B9%B3%E7%A8%85%E4%BF%A1%E7%94%A8%E5%8D%A1%E6%8E%A8%E8%96%A6-pod,
,https://www.money101.com.tw/blog/apple-pay-%E5%84%AA%E6%83%A0-%E4%BF%A1%E7%94%A8%E5%8D%A1-%E9%9B%BB%E5%AD%90%E6%94%AF%E4%BB%98,
,https://www.money101.com.tw/blog/%E6%98%9F%E5%B1%95%E9%8A%80%E8%A1%8C-eco%E6%B0%B8%E7%BA%8C%E5%8D%A1-%E9%A6%96%E5%88%B7%E7%A6%AE-%E9%80%9A%E8%B7%AF%E9%99%90%E5%AE%9A,
,https://www.money101.com.tw/blog/twqr-%E8%A1%8C%E5%8B%95%E6%94%AF%E4%BB%98-%E6%8E%83%E7%A2%BC%E6%94%AF%E4%BB%98-%E7%94%B3%E8%AB%8B%E6%95%99%E5%AD%B8,
,https://www.money101.com.tw/blog/%E8%B6%85%E5%95%86-%E5%92%96%E5%95%A1-%E5%84%AA%E6%83%A0-7-11-%E5%85%A8%E5%AE%B6-%E8%B6%85%E5%95%86%E5%92%96%E5%95%A1,
,https://www.money101.com.tw/blog/%E9%9F%93%E5%9C%8B%E5%85%A5%E5%A2%83%E8%A6%8F%E5%AE%9A,
,https://www.money101.com.tw/blog/%E8%BF%BD%E5%8A%87-app%E6%8E%A8%E8%96%A6-netflix-catchplay-%E6%84%9B%E5%A5%87%E8%97%9D-%E6%96%B9%E6%A1%88-%E8%A9%A6%E7%94%A8,
,https://www.money101.com.tw/blog/%E6%B3%B0%E5%9C%8B%E6%97%85%E9%81%8A-%E7%BE%8E%E9%A3%9F-%E4%BC%B4%E6%89%8B%E7%A6%AE-%E6%99%AF%E9%BB%9E,
,https://www.money101.com.tw/blog/%E9%9F%93%E5%9C%8B-%E9%9F%93%E5%9C%8B%E6%97%85%E9%81%8A-%E9%9F%93%E5%9C%8B%E6%97%85%E9%81%8A%E4%BF%A1%E7%94%A8%E5%8D%A1-%E9%80%80%E7%A8%85,
,https://www.money101.com.tw/blog/%E9%80%80%E5%88%B7-%E5%88%B7%E9%80%80-%E4%BF%A1%E7%94%A8%E5%8D%A1%E5%88%B7%E9%80%80-%E4%BF%A1%E7%94%A8%E5%8D%A1%E5%8F%96%E6%B6%88%E4%BA%A4%E6%98%93,
,https://www.money101.com.tw/blog/%E4%BF%A1%E7%94%A8%E5%8D%A1-%E7%89%8C%E7%85%A7%E7%A8%85-%E5%88%86%E6%9C%9F-%E9%9B%B6%E5%88%A9%E7%8E%87-%E5%85%8D%E6%89%8B%E7%BA%8C%E8%B2%BB,
,https://www.money101.com.tw/blog/%E6%9C%80%E6%96%B0%E8%82%AF%E5%BE%B7%E5%9F%BA%E8%8F%9C%E5%96%AE-%E6%97%A9%E9%A4%90-%E8%9B%8B%E5%A1%94%E5%85%A8%E5%AE%B6%E6%A1%B6%E5%83%B9%E9%8C%A2%E5%84%AA%E6%83%A0%E5%BD%99%E6%95%B4-%E4%BF%A1,
,https://www.money101.com.tw/blog/%E4%BF%A1%E7%94%A8%E5%8D%A1-%E7%B0%BD%E5%B8%B3%E9%87%91%E8%9E%8D%E5%8D%A1-%E5%B7%AE%E5%88%A5-%E7%8F%BE%E9%87%91%E5%9B%9E%E9%A5%8B-%E5%88%B7%E5%8D%A1%E6%B6%88%E8%B2%BB-%E6%B6%88%E8%B2%BB%E6%89%A3,
,https://www.money101.com.tw/blog/%E7%8E%89%E5%B1%B1%E4%BF%A1%E7%94%A8%E5%8D%A1%E6%8E%A8%E8%96%A6,
,https://www.money101.com.tw/blog/%E5%92%96%E5%95%A1-%E6%98%9F%E5%B7%B4%E5%85%8B%E8%8F%9C%E5%96%AE-%E8%BC%95%E9%A3%9F-%E4%BF%A1%E7%94%A8%E5%8D%A1%E5%84%AA%E6%83%A0,
,https://www.money101.com.tw/blog/paypal-paypal%E4%BF%A1%E7%94%A8%E5%8D%A1-%E6%94%B6%E6%AC%BE-%E6%8F%90%E9%A0%98%E6%95%99%E5%AD%B8,
,https://www.money101.com.tw/blog/%E5%81%A5%E6%AA%A2-%E5%81%A5%E5%BA%B7%E6%AA%A2%E6%9F%A5-%E5%81%A5%E6%AA%A2%E4%BF%A1%E7%94%A8%E5%8D%A1,
,https://www.money101.com.tw/blog/foodpanda-pandapay-%E8%83%96%E9%81%94%E5%B9%A3-foodpanda%E8%81%AF%E5%90%8D%E5%8D%A1,
,https://www.money101.com.tw/blog/%E4%B8%AD%E8%8F%AF%E8%81%B7%E6%A3%92%E8%81%AF%E5%90%8D%E5%8D%A1,
,https://www.money101.com.tw/blog/%E5%80%BC%E5%BE%97%E9%97%9C%E6%B3%A8%E7%9A%84%E9%87%8C%E7%A8%8B%E4%BF%A1%E7%94%A8%E5%8D%A1,
,https://www.money101.com.tw/blog/kkbox-%E6%9C%88%E8%B2%BB-%E5%AD%B8%E7%94%9F%E6%96%B9%E6%A1%88-hifi-%E8%A9%A6%E7%94%A8,
,https://www.money101.com.tw/blog/%E8%81%AF%E9%82%A6%E4%BF%A1%E7%94%A8%E5%8D%A1%E6%8E%A8%E8%96%A6,
,https://www.money101.com.tw/blog/%E5%AE%A2%E8%B7%AF-klook-%E6%8A%98%E6%89%A3-%E6%9C%80%E6%96%B0%E5%84%AA%E6%83%A0%E7%A2%BC-%E4%BF%A1%E7%94%A8%E5%8D%A1%E6%8E%A8%E8%96%A6,
,https://www.money101.com.tw/blog/%E9%AB%98%E9%90%B5%E7%96%8F%E9%81%8B%E8%A8%88%E7%95%AB-%E9%96%8B%E6%94%BE%E9%A0%90%E5%94%AE%E6%99%82%E9%96%93-%E4%BF%A1%E7%94%A8%E5%8D%A1%E6%8E%A8%E8%96%A6,
,https://www.money101.com.tw/blog/%E6%B0%B4%E8%B2%BB%E6%9F%A5%E8%A9%A2-%E8%A8%88%E7%AE%97-%E4%BF%A1%E7%94%A8%E5%8D%A1%E5%9B%9E%E9%A5%8B,
,https://www.money101.com.tw/blog/%E4%B8%B2%E6%B5%81%E9%9F%B3%E6%A8%82-spotify-applemusic-kkbox-%E6%AF%94%E8%BC%83-%E6%96%B9%E6%A1%88,
,https://www.money101.com.tw/blog/line-tv-%E8%A6%81%E9%8C%A2%E5%97%8Eline-tv%E6%94%B6%E8%B2%BB%E6%96%B9%E6%A1%88%E5%8F%8A%E7%89%B9%E8%89%B2%E4%B8%80%E6%AC%A1%E7%9C%8B,
,https://www.money101.com.tw/blog/spotify-premium-%E5%85%8D%E8%B2%BB%E8%A9%A6%E7%94%A8%E4%B8%80%E5%80%8B%E6%9C%88-%E6%9C%80%E6%96%B0%E5%AE%B6%E5%BA%AD%E6%96%B9%E6%A1%88%E8%B2%BB%E7%94%A8%E4%B8%80%E6%AC%A1%E7%9C%8B,
,https://www.money101.com.tw/blog/%E9%AB%98%E9%90%B5-%E9%AB%98%E9%90%B5%E6%8E%A5%E9%80%81-%E9%AB%98%E9%90%B5%E6%8E%A5%E9%80%81%E4%BF%A1%E7%94%A8%E5%8D%A1,
,https://www.money101.com.tw/blog/%E4%B8%96%E7%95%8C%E5%8D%A1-%E6%B8%A3%E6%89%93linebank%E8%81%AF%E5%90%8D%E5%8D%A1-linebank,
,https://www.money101.com.tw/blog/youtube-music-premium-youtube%E9%9F%B3%E6%A8%82,
,https://www.money101.com.tw/blog/%E4%BF%A1%E7%94%A8%E5%8D%A1%E5%89%AA%E5%8D%A1%E5%BD%B1%E9%9F%BF-%E5%8D%A1%E7%89%87%E5%81%A5%E6%AA%A2-%E4%BF%A1%E7%94%A8%E5%8D%A1%E5%81%9C%E7%94%A8-%E8%A8%BB%E9%8A%B7,
,https://www.money101.com.tw/blog/%E4%BF%A1%E7%94%A8%E5%8D%A1-%E6%BA%A2%E7%B9%B3-%E4%BF%A1%E7%94%A8%E5%8D%A1%E6%BA%A2%E7%B9%B3%E6%AC%BE,
,https://www.money101.com.tw/blog/%E4%BF%A1%E7%94%A8%E5%8D%A1-%E6%BA%A2%E7%B9%B3-%E4%BF%A1%E7%94%A8%E5%8D%A1%E6%BA%A2%E7%B9%B3%E6%AC%BE,
,https://www.money101.com.tw/blog/%E4%BF%A1%E7%94%A8%E5%8D%A1%E7%89%B9%E8%BC%AF-%E7%99%BE%E8%B2%A8%E5%85%AC%E5%8F%B8%E8%B6%85%E5%A4%AF%E8%81%AF%E5%90%8D%E5%8D%A1%E6%AF%94%E8%BC%83,
,https://www.money101.com.tw/blog/disney-%E5%8F%B0%E7%81%A3%E6%94%B6%E8%B2%BB%E6%96%B9%E6%A1%88-%E4%BF%A1%E7%94%A8%E5%8D%A1%E6%8E%A8%E8%96%A6,
,https://www.money101.com.tw/blog/%E7%B9%B3%E6%B0%B4%E8%B2%BB-%E9%9B%BB%E8%B2%BB-%E7%93%A6%E6%96%AF%E8%B2%BB-%E9%9B%BB%E4%BF%A1%E8%B2%BB%E5%B8%B3%E5%96%AE%E4%BF%A1%E7%94%A8%E5%8D%A1%E5%84%AA%E6%83%A0,
,https://www.money101.com.tw/blog/%E9%9B%BB%E5%BD%B1-%E4%BF%A1%E7%94%A8%E5%8D%A1-%E6%96%B0%E5%85%89-%E7%8E%89%E5%B1%B1-%E8%8A%B1%E6%97%97-%E5%9C%8B%E8%B3%93,
,https://www.money101.com.tw/blog/%E9%A4%90%E5%BB%B3%E4%BF%A1%E7%94%A8%E5%8D%A1%E6%8E%A8%E8%96%A6-%E9%A3%AF%E5%BA%97%E8%87%AA%E5%8A%A9%E9%A4%90-%E7%81%AB%E9%8D%8B,
,https://www.money101.com.tw/blog/apple-%E6%95%99%E8%82%B2%E5%84%AA%E6%83%A0-bts-%E9%96%8B%E5%AD%B8%E6%96%B9%E6%A1%88,
,https://www.money101.com.tw/blog/228-%E4%BA%A4%E9%80%9A-%E9%AB%98%E4%B9%98%E8%BC%89-%E5%8C%9D%E9%81%93-%E5%8A%A0%E6%B2%B9%E4%BF%A1%E7%94%A8%E5%8D%A1-%E9%AB%98%E9%80%9F%E5%85%AC%E8%B7%AF-%E5%9C%8B%E9%81%93,
,https://www.money101.com.tw/blog/ez%E8%A8%82-%E7%B7%9A%E4%B8%8A%E8%A8%82%E7%A5%A8-%E8%B7%A8%E5%BD%B1%E5%9F%8E-%E6%9C%83%E5%93%A1%E7%B4%85%E5%88%A9-%E4%BF%A1%E7%94%A8%E5%8D%A1%E5%84%AA%E6%83%A0,
,https://www.money101.com.tw/blog/%E6%BB%91%E9%9B%AA-%E6%BB%91%E9%9B%AA%E5%A0%B4-%E6%BB%91%E9%9B%AA%E8%B2%BB%E7%94%A8-%E6%97%A5%E6%9C%AC%E6%BB%91%E9%9B%AA%E5%A0%B4%E6%8E%A8%E8%96%A6,
,https://www.money101.com.tw/blog/%E6%B0%B8%E7%BA%8C%E7%92%B0%E4%BF%9D%E4%BF%A1%E7%94%A8%E5%8D%A1-%E7%B6%A0%E8%89%B2%E6%B6%88%E8%B2%BB,
,https://www.money101.com.tw/blog/%E5%9C%8B%E8%B3%93%E5%BD%B1%E5%9F%8E-%E7%A5%A8%E5%83%B9-%E4%BF%A1%E7%94%A8%E5%8D%A1%E5%84%AA%E6%83%A0,
,https://www.money101.com.tw/blog/%E4%B8%83%E5%A4%95-%E6%83%85%E4%BA%BA%E7%AF%80-%E7%B4%84%E6%9C%83%E9%A4%90%E5%BB%B3-%E4%BF%A1%E7%94%A8%E5%8D%A1-%E7%B1%B3%E5%85%B6%E6%9E%97,
,https://www.money101.com.tw/blog/%E4%B8%AD%E7%A7%8B-%E8%B3%9E%E6%9C%88%E6%99%AF%E9%BB%9E-%E9%9B%99%E5%8C%97%E7%83%A4%E8%82%89%E5%9C%B0%E9%BB%9E-%E6%99%82%E9%96%93,
,https://www.money101.com.tw/blog/catchplay-ondemand-%E9%9B%BB%E5%BD%B1-%E5%BA%8F%E8%99%9F,
,https://www.money101.com.tw/blog/friday%E5%BD%B1%E9%9F%B3-%E6%94%B6%E8%B2%BB%E6%96%B9%E6%A1%88-,
,https://www.money101.com.tw/blog/%E8%88%AA%E7%A9%BA%E5%85%AC%E5%8F%B8%E8%A1%8C%E6%9D%8E%E8%A6%8F%E5%AE%9A,
,https://www.money101.com.tw/blog/%E5%A4%8F%E5%AD%A3%E9%9B%BB%E8%B2%BB%E6%80%8E%E9%BA%BC%E8%A8%88%E7%AE%97%E6%99%82%E9%96%93%E9%9B%BB%E5%83%B9%E6%AF%94%E8%BC%83%E7%9C%81%E5%97%8E,
,https://www.money101.com.tw/blog/hotels.com-%E8%A8%82%E6%88%BF%E7%B6%B2-%E6%8A%98%E6%89%A3%E7%A2%BC-hotels.com%E4%BF%A1%E7%94%A8%E5%8D%A1,
,https://www.money101.com.tw/blog/famipay-%E8%B6%85%E5%95%86-%E5%85%A8%E5%AE%B6-%E8%A1%8C%E5%8B%95%E6%94%AF%E4%BB%98-%E9%9B%BB%E5%AD%90%E6%94%AF%E4%BB%98-%E4%BF%A1%E7%94%A8%E5%8D%A1,
,https://www.money101.com.tw/blog/%E6%B5%B7%E5%A4%96%E8%B3%BC%E7%89%A9-%E9%97%9C%E7%A8%85-%E5%85%8D%E7%A8%85-%E5%AF%A6%E5%90%8D%E5%88%B6-%E7%B6%B2%E8%B3%BC,
,https://www.money101.com.tw/blog/visa-mastercard-jcb-%E5%9C%8B%E9%9A%9B%E7%99%BC%E5%8D%A1%E7%B5%84%E7%B9%94-%E6%AF%94%E8%BC%83,
,https://www.money101.com.tw/blog/%E5%8F%B0%E6%96%B0%E4%BF%A1%E7%94%A8%E5%8D%A1%E6%8E%A8%E8%96%A6,
,https://www.money101.com.tw/blog/%E9%AB%98%E9%90%B5-%E5%8D%87%E7%AD%89-%E4%BF%A1%E7%94%A8%E5%8D%A1-%E5%95%86%E5%8B%99%E8%BB%8A%E5%BB%82-%E5%95%86%E5%8B%99%E8%89%99,
,https://www.money101.com.tw/blog/%E9%81%8E%E5%B9%B4-%E5%BF%85%E6%8B%9C-%E8%B2%A1%E7%A5%9E%E5%BB%9F-%E5%AE%AE%E5%BB%9F-%E8%B2%A1%E9%81%8B,
,https://www.money101.com.tw/blog/%E9%81%8E%E5%B9%B4-%E4%BA%A4%E9%80%9A%E7%AE%A1%E5%88%B6-%E9%AB%98%E4%B9%98%E8%BC%89-%E5%8C%9D%E9%81%93-%E6%94%B6%E8%B2%BB-%E5%8D%B3%E6%99%82%E8%B7%AF%E6%B3%81,
,https://www.money101.com.tw/blog/%E5%AF%8C%E9%82%A6j%E5%8D%A1,
,https://www.money101.com.tw/blog/booking-com-%E8%A8%82%E6%88%BF-%E4%BF%A1%E7%94%A8%E5%8D%A1%E5%84%AA%E6%83%A0,
,https://www.money101.com.tw/blog/%E7%8F%BE%E9%87%91%E5%9B%9E%E9%A5%8B-%E4%BF%A1%E7%94%A8%E5%8D%A1-%E5%9B%9E%E9%A5%8B%E7%8E%87-%E6%B5%B7%E5%A4%96%E5%88%B7%E5%8D%A1-%E5%B9%B4%E8%B2%BB,
,https://www.money101.com.tw/blog/%E5%AF%84%E4%BB%B6%E5%85%A8%E6%94%BB%E7%95%A5%E9%83%B5%E5%B1%80-%E5%AE%85%E9%85%8D-%E8%B6%85%E5%95%86%E5%BA%97%E5%88%B0%E5%BA%97-%E9%81%8B%E8%B2%BB-%E9%85%8D%E9%80%81%E6%99%82,
,https://www.money101.com.tw/blog/%E5%90%88%E5%BA%AB%E5%95%86%E5%8B%99%E5%8D%A1-%E6%A8%82%E8%B3%9E%E5%88%A9,
,https://www.money101.com.tw/blog/2021-%E6%9C%80%E6%96%B0-5-%E5%AE%B6%E9%9B%B2%E7%AB%AF%E7%A1%AC%E7%A2%9F%E6%AF%94%E8%BC%83%E6%8E%A8%E8%96%A6google-drive-icloud-dropbox-onedrive-mega,
,https://www.money101.com.tw/blog/%E5%8F%B0%E6%96%B0%E5%9C%8B%E6%B3%B0%E8%88%AA%E7%A9%BA%E8%81%AF%E5%90%8D%E5%8D%A1-%E5%9C%8B%E6%B3%B0%E8%88%AA%E7%A9%BA-%E6%A9%9F%E7%A5%A8%E5%84%AA%E6%83%A0-%E5%93%A9%E7%A8%8B-%E5%9B%9E%E9%A5%8B,
,https://www.money101.com.tw/blog/%E4%BF%A1%E7%94%A8%E5%8D%A1%E6%8E%92%E5%90%8D,
,https://www.money101.com.tw/blog/%E7%B1%B3%E5%85%B6%E6%9E%97%E5%BF%85%E6%AF%94%E7%99%BB%E6%8E%A8%E4%BB%8B,
,https://www.money101.com.tw/blog/iphone%E8%88%8A%E6%8F%9B%E6%96%B0%E6%8A%98%E6%89%A3%E5%A4%9A%E5%B0%91-%E9%9B%BB%E4%BF%A1%E8%88%8A%E6%A9%9F%E6%8F%9B%E6%96%B0%E6%A9%9F%E5%83%B9%E9%8C%A2,
,https://www.money101.com.tw/blog/%E8%BE%A6%E5%A4%AA%E5%A4%9A%E5%BC%B5%E4%BF%A1%E7%94%A8%E5%8D%A1%E6%9C%83%E8%A2%AB%E6%89%A3%E5%88%86-%E4%BF%A1%E7%94%A8%E8%A9%95%E5%88%86%E5%B8%B8%E8%A6%8B%E4%B8%83%E5%A4%A7%E8%BF%B7%E6%80%9D,
,https://www.money101.com.tw/blog/%E5%87%BA%E5%9C%8B-%E7%B6%B2%E8%B7%AF-%E7%B6%B2%E8%B7%AF-sim%E5%8D%A1-%E9%9B%BB%E4%BF%A1%E6%BC%AB%E9%81%8A-wifi-%E5%88%86%E4%BA%AB%E5%99%A8-%E8%B2%BB%E7%94%A8-%E5%84%AA%E7%BC%BA%E9%BB%9E-%E5%88%86,
,https://www.money101.com.tw/blog/%E7%B5%90%E5%A9%9A%E7%B4%85%E5%8C%85%E5%8C%85%E5%A4%9A%E5%B0%91%E5%87%BA%E5%B8%AD%E5%A9%9A%E7%A6%AE%E9%80%99%E6%A8%A3%E5%8C%85%E4%B8%8D%E5%A4%B1%E7%A6%AE,
,https://www.money101.com.tw/blog/%E6%B7%98%E5%AF%B6%E9%9B%86%E9%81%8B-%E4%BF%A1%E7%94%A8%E5%8D%A1-%E6%8A%98%E6%89%A3%E7%A2%BC,
,https://www.money101.com.tw/blog/%E4%BF%A1%E7%94%A8%E5%8D%A1-%E7%A0%B4%E8%A7%A3-%E9%98%B2%E7%9B%9C%E5%88%B7-%E5%8D%A1%E8%99%9F-%E5%88%B0%E6%9C%9F%E6%97%A5-%E5%AE%89%E5%85%A8%E7%A2%BC,
,https://www.money101.com.tw/blog/costco-%E9%BB%91%E8%89%B2%E6%98%9F%E6%9C%9F%E4%BA%94-%E7%89%B9%E5%83%B9,
,https://www.money101.com.tw/blog/%E5%87%BA%E5%9C%8B-%E5%BF%85%E5%82%99-%E8%A1%8C%E6%9D%8E%E6%B8%85%E5%96%AE-%E8%A1%8C%E6%9D%8E%E8%A6%8F%E5%AE%9A-%E8%A1%8C%E6%9D%8E-%E6%97%85%E9%81%8A,
,https://www.money101.com.tw/blog/%E5%8F%B0%E6%96%B0-%E7%8E%AB%E7%91%B0giving%E5%8D%A1-%E8%B3%BC%E7%89%A9-%E7%8F%BE%E9%87%91%E5%9B%9E%E9%A5%8B,
,https://www.money101.com.tw/blog/%E4%BF%A1%E7%94%A8%E5%8D%A1%E6%B8%85%E5%8D%A1-%E5%91%86%E5%8D%A1,
,https://www.money101.com.tw/blog/%E8%9D%A6%E7%9A%AE%E5%BA%97%E5%88%B0%E5%BA%97-%E6%98%AF%E4%BB%80%E9%BA%BC-%E9%96%80%E5%B8%82-%E5%B0%BA%E5%AF%B8-%E9%81%8B%E8%B2%BB,
,https://www.money101.com.tw/blog/%E8%B6%85%E5%95%86-%E9%AE%AE%E9%A3%9F-%E7%89%B9%E5%83%B9%E6%99%82%E6%AE%B5,
,https://www.money101.com.tw/blog/%E9%BA%A5%E7%95%B6%E5%8B%9E-%E9%BA%A5%E7%95%B6%E5%8B%9Eapp-%E9%BA%A5%E7%95%B6%E5%8B%9Eapp%E5%85%A8%E7%90%83%E7%89%88-mpoint,
,https://www.money101.com.tw/blog/%E4%BF%A1%E7%94%A8%E5%8D%A1-%E4%BF%A1%E7%94%A8%E5%8D%A1%E9%81%BA%E5%A4%B1-%E6%8E%9B%E5%A4%B1-%E7%9B%9C%E5%88%B7-%E6%8E%9B%E5%A4%B1%E8%B2%BB%E7%94%A8,
,https://www.money101.com.tw/blog/%E5%85%A8%E5%8F%B0%E7%99%BE%E8%B2%A8%E9%80%B1%E5%B9%B4%E6%85%B6-%E6%AA%94%E6%9C%9F%E6%99%82%E9%96%93%E8%A1%A8%E5%BD%99%E6%95%B4-%E6%AF%94%E8%BC%83,
,https://www.money101.com.tw/blog/%E6%A9%9F%E4%B8%8A%E8%B3%BC%E7%89%A9-%E9%A3%9B%E6%A9%9F%E8%B3%BC%E7%89%A9-%E4%BF%A1%E7%94%A8%E5%8D%A1,
,https://www.money101.com.tw/blog/%E5%87%BA%E5%9C%8B%E6%8F%9B%E9%8C%A2%E8%A9%B2%E5%9C%A8%E9%8A%80%E8%A1%8C%E6%8F%9B%E9%82%84%E6%98%AF%E6%A9%9F%E5%A0%B4%E6%8F%9B%E5%A4%96%E5%B9%A3,
,https://www.money101.com.tw/blog/%E4%B8%AD%E6%B2%B9%E5%8A%A0%E6%B2%B9%E5%85%A8%E6%94%BB%E7%95%A5-%E4%B8%AD%E6%B2%B9-pay-%E4%BF%A1%E7%94%A8%E5%8D%A1-%E6%82%A0%E9%81%8A%E5%8D%A1-%E5%84%AA%E6%83%A0%E6%AF%94%E8%BC%83,
,https://www.money101.com.tw/blog/%E8%98%8B%E6%9E%9Cwwdc%E6%87%B6%E4%BA%BA%E5%8C%85-ios-16-macbook-air,
,https://www.money101.com.tw/blog/foodomo-%E5%84%AA%E6%83%A0%E7%A2%BC%E8%88%87%E4%BF%A1%E7%94%A8%E5%8D%A1%E5%84%AA%E6%83%A0%E6%95%B4%E7%90%86-line-pay-%E7%B5%90%E5%B8%B3-%E5%A4%96%E5%B8%B6%E9%83%BD-ok,
,https://www.money101.com.tw/blog/%E4%B8%AD%E5%9C%8B%E4%BF%A1%E8%A8%97-linepay%E5%8D%A1-%E5%88%86%E6%9E%90,
,https://www.money101.com.tw/blog/googleplaystore-appleappstore-%E4%BF%A1%E7%94%A8%E5%8D%A1%E6%8E%A8%E8%96%A6,
,https://www.money101.com.tw/blog/%E4%BF%A1%E7%94%A8%E5%8D%A1%E5%8D%A1%E8%99%9F%E5%86%B7%E7%9F%A5%E8%AD%98,
,https://www.money101.com.tw/blog/%E7%99%BE%E8%B2%A8%E5%85%AC%E5%8F%B8%E8%A1%8C%E5%8B%95%E6%94%AF%E4%BB%98-%E4%BF%A1%E7%94%A8%E5%8D%A1,
,https://www.money101.com.tw/blog/%E9%86%AB%E7%99%82%E8%B2%BB%E7%94%A8-%E9%86%AB%E7%99%82%E8%B2%BB%E4%BF%A1%E7%94%A8%E5%8D%A1-%E9%86%AB%E6%8C%87%E4%BB%98,
,https://www.money101.com.tw/blog/%E7%B1%B3%E5%85%B6%E6%9E%97-%E7%BE%8E%E9%A3%9F-%E9%A0%A4%E5%AE%AE-%E9%A4%90%E9%A3%B2%E4%BF%A1%E7%94%A8%E5%8D%A1,
,https://www.money101.com.tw/blog/%E4%BF%A1%E7%94%A8%E5%8D%A1%E7%AD%89%E7%B4%9A-%E7%99%BC%E5%8D%A1%E7%B5%84%E7%B9%94-%E5%8D%A1%E7%AD%89,
,https://www.money101.com.tw/blog/%E9%9B%BB%E8%85%A6-3c%E5%84%AA%E6%83%A0-%E5%85%A8%E5%9C%8B%E9%9B%BB%E5%AD%90-%E4%BF%A1%E7%94%A8%E5%8D%A1,
,https://www.money101.com.tw/blog/%E5%81%9C%E8%BB%8A%E8%B2%BB%E7%B9%B3%E8%B2%BB-%E4%BF%A1%E7%94%A8%E5%8D%A1%E6%8E%A8%E8%96%A6-%E8%B7%AF%E9%82%8A-%E5%85%AC%E6%9C%89%E5%81%9C%E8%BB%8A,
,https://www.money101.com.tw/blog/%E5%AF%8C%E9%82%A6costco%E8%81%AF%E5%90%8D%E5%8D%A1,
,https://www.money101.com.tw/blog/linebank-linebank%E4%BF%A1%E7%94%A8%E5%8D%A1-linebank%E8%81%AF%E5%90%8D%E4%BF%A1%E7%94%A8%E5%8D%A1-%E4%BF%A1%E7%94%A8%E5%8D%A1-%E6%B8%A3%E6%89%93-%E8%81%AF%E9%82%A6-%E6%AC%8A%E7%9B%8A,
,https://www.money101.com.tw/blog/%E6%A9%98%E5%AD%90%E6%94%AF%E4%BB%98-711-%E9%80%9A%E8%B7%AF-%E4%BF%A1%E7%94%A8%E5%8D%A1,
,https://www.money101.com.tw/blog/%E5%8F%B0%E5%A1%91-%E5%8F%B0%E4%BA%9E%E5%8A%A0%E6%B2%B9%E7%AB%99-%E4%BF%A1%E7%94%A8%E5%8D%A1%E5%84%AA%E6%83%A0%E7%B5%B1%E6%95%B4-%E8%87%AA%E5%8A%A9%E5%8A%A0%E6%B2%B9%E5%88%B7%E9%80%99%E5%BC%B5,
,https://www.money101.com.tw/blog/%E5%90%84%E9%8A%80%E8%A1%8C%E4%BF%A1%E7%94%A8%E5%8D%A1%E5%AE%A2%E6%9C%8D%E9%9B%BB%E8%A9%B1,
,https://www.money101.com.tw/blog/%E6%BC%94%E5%94%B1%E6%9C%83-%E5%94%AE%E7%A5%A8%E7%B6%B2-%E4%BF%A1%E7%94%A8%E5%8D%A1-%E6%8B%93%E5%85%83-%E5%AF%AC%E5%AE%8F,
,https://www.money101.com.tw/blog/%E8%AA%BF%E6%95%B4%E4%BF%A1%E7%94%A8%E5%8D%A1%E9%A1%8D%E5%BA%A6-%E8%87%A8%E6%99%82%E9%A1%8D%E5%BA%A6-%E6%B0%B8%E4%B9%85%E9%A1%8D%E5%BA%A6,
,https://www.money101.com.tw/blog/%E6%8D%B7%E9%81%8B-%E5%8C%97%E6%8D%B7-1280%E6%9C%88%E7%A5%A8-%E5%B8%B8%E5%AE%A2%E5%84%AA%E6%83%A0-%E9%80%80%E7%A5%A8-%E5%9B%9E%E9%A5%8B,
,https://www.money101.com.tw/blog/%E6%88%BF%E5%B1%8B%E7%A8%85-%E4%BF%A1%E7%94%A8%E5%8D%A1-%E5%88%86%E6%9C%9F-%E9%9B%B6%E5%88%A9%E7%8E%87-%E5%85%8D%E6%89%8B%E7%BA%8C%E8%B2%BB-%E6%8A%BD%E7%8D%8E,
,https://www.money101.com.tw/blog/%E6%B0%B4%E8%B2%BB-%E9%9B%BB%E8%B2%BB%E9%81%8E%E6%9C%9F%E6%80%8E%E9%BA%BC%E8%BE%A6%E8%B6%85%E5%95%86-%E7%B6%B2%E9%8A%80-%E8%A1%8C%E5%8B%95%E6%94%AF%E4%BB%98%E8%BC%95%E9%AC%86%E7%B9%B3,
,https://www.money101.com.tw/blog/%E5%8D%A1%E5%BE%AA-%E4%BF%A1%E7%94%A8%E5%8D%A1-%E5%BE%AA%E7%92%B0%E5%88%A9%E6%81%AF-%E4%BF%A1%E7%94%A8%E5%8D%A1%E5%BE%AA%E7%92%B0%E5%88%A9%E6%81%AF-%E8%A8%88%E7%AE%97%E6%96%B9%E5%BC%8F,
,https://www.money101.com.tw/blog/%E4%BF%A1%E7%94%A8%E5%8D%A1%E5%85%A5%E5%B8%B3%E6%97%A5-%E7%B5%90%E5%B8%B3%E6%97%A5-%E7%B9%B3%E6%AC%BE%E6%88%AA%E6%AD%A2%E6%97%A5%E5%82%BB%E5%82%BB%E5%88%86%E4%B8%8D%E6%B8%85%E6%A5%9A,
,https://www.money101.com.tw/blog/%E8%B6%85%E5%95%86%E5%8F%96%E8%B2%A8%E5%88%B7%E5%8D%A1%E8%A1%8C%E4%B8%8D%E8%A1%8C7-11-%E5%85%A8%E5%AE%B6-%E8%90%8A%E7%88%BE%E5%AF%8C-ok-%E7%B9%B3%E8%B2%BB%E9%A0%85%E7%9B%AE%E4%B8%80%E6%AC%A1,
,https://www.money101.com.tw/blog/%E4%BF%A1%E7%94%A8%E5%8D%A1-%E4%BF%A1%E7%94%A8%E5%8D%A1%E7%B9%B3%E6%9C%80%E4%BD%8E-%E4%BF%A1%E7%94%A8%E8%A9%95%E5%88%86-%E5%BE%AA%E7%92%B0%E5%88%A9%E6%81%AF-%E8%B2%B8%E6%AC%BE,
,https://www.money101.com.tw/blog/%E4%BF%A1%E7%94%A8%E5%8D%A1%E9%A1%8D%E5%BA%A6%E8%B6%8A%E9%AB%98%E8%B6%8A%E5%A5%BD%E5%97%8E-%E7%82%BA%E4%BB%80%E9%BA%BC%E4%BD%A0%E4%B8%8D%E8%A9%B2%E8%AA%BF%E4%BD%8E%E4%BD%A0%E7%9A%84%E4%BF%A1%E7%94%A8,
,https://www.money101.com.tw/blog/%E9%BA%A5%E7%95%B6%E5%8B%9E11-%E7%94%9C%E5%BF%83%E5%8D%A1-%E9%BB%9E%E9%BB%9E%E5%8D%A1%E5%84%AA%E6%83%A0%E9%BB%9E%E9%A4%90%E6%94%BB%E7%95%A5,
,https://www.money101.com.tw/blog/%E5%86%B7%E6%B0%A3%E9%99%A4%E6%BF%95%E8%80%97%E9%9B%BB%E5%97%8E,
,https://www.money101.com.tw/blog/%E4%BF%A1%E7%94%A8%E5%8D%A1%E5%88%86%E6%9C%9F-%E5%88%B7%E5%8D%A1%E5%88%86%E6%9C%9F-%E5%B8%B3%E5%96%AE%E5%88%86%E6%9C%9F-%E5%B7%AE%E7%95%B0,
,https://www.money101.com.tw/blog/%E4%BF%A1%E7%94%A8%E5%8D%A1-%E5%B8%82%E5%8D%80%E5%81%9C%E8%BB%8A-%E5%85%8D%E8%B2%BB-%E7%B4%85%E5%88%A9%E9%BB%9E%E6%95%B8-%E5%81%9C%E8%BB%8A%E7%A5%9E%E5%8D%A1,
,https://www.money101.com.tw/blog/%E5%AE%B6%E6%A8%82%E7%A6%8F%E7%B7%9A%E4%B8%8A%E8%B3%BC%E7%89%A9-%E5%85%8D%E9%81%8B-%E9%81%8B%E8%B2%BB-%E6%8A%98%E6%89%A3%E7%A2%BC,
,https://www.money101.com.tw/blog/%E4%BF%A1%E7%94%A8%E5%8D%A1-%E6%A1%83%E6%A9%9F-%E5%8F%B0%E4%B8%AD-%E9%AB%98%E9%9B%84-%E6%A9%9F%E5%A0%B4-%E5%85%8D%E8%B2%BB%E5%81%9C%E8%BB%8A-%E5%87%BA%E5%9C%8B%E5%81%9C%E8%BB%8A,
,https://www.money101.com.tw/blog/%E5%8F%B0%E9%90%B5%E8%A8%82%E7%A5%A8-%E5%88%86%E7%A5%A8-%E9%80%80%E7%A5%A8-%E8%A8%82%E7%A5%A8%E6%99%82%E9%96%93-%E4%BF%A1%E7%94%A8%E5%8D%A1,
,https://www.money101.com.tw/blog/%E5%8C%97%E6%B5%B7%E9%81%93%E6%BB%91%E9%9B%AA,
,https://www.money101.com.tw/blog/momo-%E9%9B%9911-1111%E8%B3%BC%E7%89%A9%E7%AF%80,
,https://www.money101.com.tw/blog/%E9%9B%9911-1111%E8%B3%BC%E7%89%A9%E7%AF%80-%E8%9D%A6%E7%9A%AE%E8%B3%BC%E7%89%A9-%E4%BF%A1%E7%94%A8%E5%8D%A1%E6%8E%A8%E8%96%A6,
,https://www.money101.com.tw/blog/steam-%E9%9B%BB%E7%8E%A9-%E9%81%8A%E6%88%B2-%E6%8A%98%E6%89%A3-%E4%BF%A1%E7%94%A8%E5%8D%A1%E6%8E%A8%E8%96%A6,
,https://www.money101.com.tw/blog/%E5%92%96%E5%95%A1-%E8%B7%AF%E6%98%93%E8%8E%8E%E8%8F%9C%E5%96%AE-%E6%97%A9%E9%A4%90-%E9%BB%91%E5%8D%A1-%E5%84%AA%E6%83%A0,
,https://www.money101.com.tw/blog/airpods-max-airpods-pro-%E5%83%B9%E6%A0%BC-%E7%89%B9%E8%89%B2%E6%AF%94%E4%B8%80%E6%AF%94,
,https://www.money101.com.tw/blog/sk2/sk-ii%E9%80%B1%E5%B9%B4%E6%85%B6,
,https://www.money101.com.tw/blog/%E9%80%B1%E5%B9%B4%E6%85%B6-%E5%AE%B6%E9%9B%BB-dyson-lg%E9%9B%BB%E5%AD%90%E8%A1%A3%E6%AB%A5-%E5%92%96%E5%95%A1%E6%A9%9F-%E4%BF%A1%E7%94%A8%E5%8D%A1,
,https://www.money101.com.tw/blog/%E9%AB%98%E9%90%B5%E4%BF%A1%E7%94%A8%E5%8D%A1%E8%A8%82%E7%A5%A8-%E5%84%AA%E6%83%A0%E7%B8%BD%E6%95%B4%E7%90%86-%E6%97%A9%E9%B3%A5%E5%88%B7%E9%80%99%E5%BC%B5-%E6%9C%80%E9%AB%98%E5%9B%9E%E9%A5%8B-40,
,https://www.money101.com.tw/blog/%E5%85%A8%E8%81%AF-px-pay-%E7%A6%8F%E5%88%A9%E5%8D%A1-%E7%94%B3%E8%AB%8B-app-%E7%B6%81%E5%AE%9A-%E4%BF%A1%E7%94%A8%E5%8D%A1,
,https://www.money101.com.tw/blog/%E5%A5%BD%E5%B8%82%E5%A4%9A-costco-%E6%9C%83%E5%93%A1-%E5%B9%B4%E8%B2%BB-%E5%84%AA%E6%83%A0,
,https://www.money101.com.tw/blog/visa0712,
,https://www.money101.com.tw/blog/%E7%B9%B3%E9%9B%BB%E4%BF%A1%E8%B2%BB%E4%BF%A1%E7%94%A8%E5%8D%A1%E6%8E%A8%E8%96%A6,
,https://www.money101.com.tw/blog/esun0718,
,https://www.money101.com.tw/blog/ubot0728,
,https://www.money101.com.tw/blog/%E5%8F%B0%E4%B8%AD%E5%A4%A7%E9%81%A0%E7%99%BE%E9%80%B1%E5%B9%B4%E6%85%B6,
,https://www.money101.com.tw/blog/%E6%9C%80%E6%96%B0%E6%91%A9%E6%96%AF%E6%BC%A2%E5%A0%A1%E8%8F%9C%E5%96%AE-%E6%97%A9%E9%A4%90-%E7%8F%8D%E7%8F%A0%E5%A0%A1-%E8%92%9F%E8%92%BB%E5%83%B9%E9%8C%A2,
,https://www.money101.com.tw/blog/%E4%B8%AD%E7%A7%8B%E7%83%A4%E8%82%89-%E7%87%92%E8%82%89-%E7%83%A4%E8%82%89%E7%B5%84%E5%90%88,
,https://www.money101.com.tw/blog/%E4%BF%A1%E7%94%A8%E5%8D%A1-%E6%8E%88%E6%AC%8A%E5%A4%B1%E6%95%97-%E6%8B%92%E7%B5%95%E4%BA%A4%E6%98%93%E5%8E%9F%E5%9B%A0-%E8%A7%A3%E6%B1%BA%E6%96%B9%E6%B3%95,
,https://www.money101.com.tw/blog/line%E8%B3%BC%E7%89%A9-%E5%B0%8E%E8%B3%BC-%E8%B3%BC%E7%89%A9%E5%9B%9E%E9%A5%8B-%E9%BB%9E%E6%95%B8%E7%B4%85%E5%8C%85-%E8%AD%B7%E7%85%A7-linepoints,
,https://www.money101.com.tw/blog/%E4%BF%A1%E7%94%A8%E5%8D%A1%E7%A0%94%E7%A9%B6%E7%A4%BE-ou%E9%BB%9E%E9%BB%9E%E5%8D%A1,
,https://www.money101.com.tw/blog/%E8%A1%97%E5%8F%A3%E6%94%AF%E4%BB%98-%E7%B6%81%E5%AE%9A-%E5%84%B2%E5%80%BC-%E6%8F%90%E9%A0%98-%E6%B5%81%E7%A8%8B%E6%95%99%E5%AD%B8,
,https://www.money101.com.tw/blog/%E6%96%B0%E5%85%89%E4%B8%89%E8%B6%8A-%E6%AF%8D%E8%A6%AA%E7%AF%80,
,https://www.money101.com.tw/blog/%E6%AF%8D%E8%A6%AA%E7%AF%80-%E7%BE%8E%E5%A6%9D-%E7%B5%84%E5%90%88,
,https://www.money101.com.tw/blog/%E6%AF%8D%E8%A6%AA%E7%AF%80-%E7%99%BE%E8%B2%A8%E5%85%AC%E5%8F%B8-%E6%AA%94%E6%9C%9F-%E6%96%B0%E5%85%89%E4%B8%89%E8%B6%8A-%E9%81%A0%E6%9D%B1%E7%99%BE%E8%B2%A8-sogo-%E5%BE%AE%E9%A2%A8-%E5%85%A8%E5%8F%B0,
,https://www.money101.com.tw/blog/%E5%85%A8%E8%81%AF%E9%9B%86%E9%BB%9E-%E5%8D%B0%E8%8A%B1%E8%B2%BC%E7%B4%99-%E7%A6%8F%E5%88%A9%E9%BB%9E-%E4%BF%A1%E7%94%A8%E5%8D%A1%E5%84%AA%E6%83%A0,
,https://www.money101.com.tw/blog/2019%E6%AF%8D%E8%A6%AA%E7%AF%80%E6%AA%94%E6%9C%9F-sogo-%E5%BF%A0%E5%AD%9D-%E5%BE%A9%E8%88%88-%E6%95%A6%E5%8C%96%E7%BE%8E%E9%BA%97%E8%B3%BC%E7%89%A9%E6%85%B6%E9%96%8B,
,https://www.money101.com.tw/blog/sogo-%E6%AF%8D%E8%A6%AA%E7%AF%80-%E6%AA%94%E6%9C%9F,
,https://www.money101.com.tw/blog/%E5%8F%B0%E5%8C%97101-%E6%AF%8D%E8%A6%AA%E7%AF%80%E6%AA%94%E6%9C%9F,
,https://www.money101.com.tw/blog/%E6%97%85%E9%81%8A%E5%A5%BD%E5%B9%AB%E6%89%8Bwifi-%E5%88%86%E4%BA%AB%E5%99%A8%E9%80%99%E6%A8%A3%E7%A7%9F%E7%9C%81%E6%9B%B4%E5%A4%9A,
,https://www.money101.com.tw/blog/7-11-%E5%BA%97%E5%88%B0%E5%BA%97%E5%AF%84%E8%B2%A8%E6%95%99%E5%AD%B8-%E5%B0%BA%E5%AF%B8%E5%A4%9A%E5%A4%A7%E9%81%8B%E8%B2%BB%E5%A4%9A%E5%B0%91%E9%8C%A2,
,https://www.money101.com.tw/blog/p%E5%B9%A3-pi%E9%8C%A2%E5%8C%85-%E6%8B%8D%E4%BA%AB%E5%88%B8-%E8%A1%8C%E5%8B%95%E6%94%AF%E4%BB%98,
,https://www.money101.com.tw/blog/%E4%BF%A1%E7%94%A8%E5%8D%A1%E7%A0%94%E7%A9%B6%E7%A4%BE-%E7%8E%89%E5%B1%B1pi%E6%8B%8D%E9%8C%A2%E5%8C%85,
,https://www.money101.com.tw/blog/%E6%A9%98%E5%AD%90%E6%94%AF%E4%BB%98-%E7%B9%B3%E8%B2%BB%E6%94%BB%E7%95%A5-7-11,
,https://www.money101.com.tw/blog/%E5%85%A8%E5%8F%B0%E5%90%84%E7%B8%A3%E5%B8%82-%E9%9B%BB%E5%8B%95%E8%BB%8A%E8%A3%9C%E5%8A%A9,
,https://www.money101.com.tw/blog/%E5%85%A8%E5%AE%B6%E6%9C%83%E5%93%A1%E9%BB%9E%E6%95%B8%E4%B8%80%E6%8A%8A%E6%8A%93%E9%9B%86%E9%BB%9E-%E5%85%8C%E6%8F%9B-%E8%BD%89%E7%A7%BB-%E6%96%B9%E5%BC%8F%E4%B8%80%E6%AC%A1,
,https://www.money101.com.tw/blog/%E5%A4%96%E9%80%81app-%E4%BF%A1%E7%94%A8%E5%8D%A1-ubereats-honestbee-%E8%A1%97%E5%8F%A3%E6%94%AF%E4%BB%98,
,https://www.money101.com.tw/blog/irent%E6%A9%9F%E8%BB%8A-%E6%8F%9B%E9%9B%BB%E6%B1%A0-%E5%84%AA%E6%83%A0%E6%96%B9%E6%A1%88-%E4%BF%A1%E7%94%A8%E5%8D%A1%E5%9B%9E%E9%A5%8B,
,https://www.money101.com.tw/blog/%E4%BF%A1%E7%94%A8%E5%8D%A1%E6%88%AA%E6%AD%A2%E6%97%A5%E6%80%8E%E9%BA%BC%E6%9B%B4%E6%94%B9%E5%85%A8%E5%8F%B0-30-%E5%AE%B6%E9%8A%80%E8%A1%8C%E4%BF%A1%E7%94%A8%E5%8D%A1%E7%B5%90%E5%B8%B3,
,https://www.money101.com.tw/blog/icash-pay-%E8%A8%BB%E5%86%8A-%E4%BF%A1%E7%94%A8%E5%8D%A1-7-11-%E9%80%9A%E8%B7%AF,
,https://www.money101.com.tw/blog/%E6%82%A0%E9%81%8A%E5%8D%A1-%E4%B8%80%E5%8D%A1%E9%80%9A-icash-%E5%B7%AE%E7%95%B0-%E6%AF%94%E8%BC%83-%E8%87%AA%E5%8B%95%E5%8A%A0%E5%80%BC,
,https://www.money101.com.tw/blog/%E5%85%AB%E6%96%B9%E9%9B%B2%E9%9B%86-%E8%8F%9C%E5%96%AE-%E5%85%AB%E6%96%B9%E9%9B%B2%E9%9B%86%E5%84%AA%E6%83%A0-%E6%B0%B4%E9%A4%83,
,https://www.money101.com.tw/blog/line-pay-%E4%B9%9F%E8%83%BD%E7%B9%B3%E4%BF%9D%E8%B2%BB-%E7%94%B3%E8%AB%8B%E8%B2%B8%E6%AC%BE-%E5%AE%8C%E6%95%B4%E6%95%99%E5%AD%B8%E7%9C%8B%E9%80%99%E8%A3%A1,
,https://www.money101.com.tw/blog/iphone-taptopay-%E8%98%8B%E6%9E%9C-applepay-%E8%A1%8C%E5%8B%95%E6%94%AF%E4%BB%98-%E9%9B%BB%E5%AD%90%E9%8C%A2%E5%8C%85,
,https://www.money101.com.tw/blog/%E6%9A%91%E5%81%87-%E9%96%8B%E5%AD%B8-%E5%AF%92%E5%81%87-%E5%AD%B8%E6%B8%AC-%E6%8C%87%E8%80%83-%E6%9C%83%E8%80%83,
,https://www.money101.com.tw/blog/2020-%E6%9C%80%E6%96%B0%E5%85%A8%E5%9C%8B%E5%8A%A0%E6%B2%B9%E7%AB%99-%E8%81%AF%E5%90%8D%E5%8D%A1-%E4%BF%A1%E7%94%A8%E5%8D%A1%E5%84%AA%E6%83%A0-%E5%A4%A7%E5%88%A9%E9%BB%9E%E9%80%99%E6%A8%A3%E6%8A%B5,
,https://www.money101.com.tw/blog/%E6%98%A5%E7%AF%80-%E5%A4%A7%E8%B3%A3%E5%A0%B4-%E5%B9%B4%E8%B2%A8-%E7%87%9F%E6%A5%AD%E6%99%82%E9%96%93-%E8%81%AF%E5%90%8D%E5%8D%A1,
,https://www.money101.com.tw/blog/%E9%81%93%E8%B7%AF%E6%95%91%E6%8F%B4%E7%9B%B8%E9%97%9C%E4%BF%A1%E7%94%A8%E5%8D%A1%E6%AC%8A%E7%9B%8A%E6%95%B4%E7%90%86,
,https://www.money101.com.tw/blog/2021-%E7%B5%B1%E4%B8%80%E7%99%BC%E7%A5%A8%E5%B0%8D%E7%8D%8E-app-%E6%8E%A8%E8%96%A6%E7%99%BC%E7%A5%A8%E6%80%AA%E7%8D%B8-%E9%9B%B2%E7%AB%AF%E7%99%BC%E7%A5%A8%E9%9B%86%E9%BB%9E%E7%8E%8B,
,https://www.money101.com.tw/blog/%E5%89%B5%E6%A5%AD%E5%8A%A0%E7%9B%9F-7-11-%E5%85%A8%E5%AE%B6-%E8%90%8A%E7%88%BE%E5%AF%8C-ok%E8%B6%85%E5%95%86-%E5%9B%9B%E5%A4%A7%E9%80%A3%E9%8E%96%E4%BE%BF%E5%88%A9%E5%95%86,
,https://www.money101.com.tw/blog/%E5%85%A8%E5%AE%B6-%E5%BA%97%E5%88%B0%E5%BA%97-%E5%AF%84%E4%BB%B6-%E7%B7%A8%E8%99%9F-%E5%B0%BA%E5%AF%B8-%E8%B2%BB%E7%94%A8,
,https://www.money101.com.tw/blog/%E6%82%A0%E9%81%8A-%E4%B8%80%E5%8D%A1%E9%80%9A-icash-%E8%81%AF%E5%90%8D%E5%8D%A1%E5%89%AA%E5%8D%A1%E5%89%8D%E4%B8%8D%E8%83%BD%E5%BF%98%E4%BA%86%E9%80%99%E4%BB%B6%E4%BA%8B,
,https://www.money101.com.tw/blog/%E6%96%B0%E9%88%94-%E8%BE%B2%E6%9B%86%E6%98%A5%E7%AF%80-%E9%8A%80%E8%A1%8C-%E9%83%B5%E5%B1%80,
,https://www.money101.com.tw/blog/%E6%96%B0%E9%AE%AE%E4%BA%BA%E8%84%B1%E7%99%BD%E7%AC%AC%E4%B8%80%E5%BC%B5%E4%BF%A1%E7%94%A8%E5%8D%A1-%E8%BE%A6%E5%8D%A1%E5%AE%8C%E5%85%A8%E6%8C%87%E5%8D%97,
,https://www.money101.com.tw/blog/%E6%96%B0%E5%85%89%E4%B8%89%E8%B6%8A-%E6%96%B0%E6%98%A5%E5%8D%A1%E5%88%A9high,
,https://www.money101.com.tw/blog/%E6%A8%82%E5%A4%A9-kobo-%E9%9B%BB%E5%AD%90%E6%9B%B8%E9%96%B1%E8%AE%80%E5%99%A8,
,https://www.money101.com.tw/blog/apple%E5%AE%98%E7%B6%B2-%E4%BF%A1%E7%94%A8%E5%8D%A1-%E5%88%86%E6%9C%9F,
,https://www.money101.com.tw/blog/%E5%B9%B4%E8%8F%9C%E9%A0%90%E8%B3%BC-%E8%B6%85%E5%95%86-7-11-%E5%85%A8%E5%AE%B6-%E8%90%8A%E7%88%BE%E5%AF%8C-%E5%84%AA%E6%83%A0,
,https://www.money101.com.tw/blog/pi%E9%8C%A2%E5%8C%85%E4%BF%A1%E7%94%A8%E5%8D%A1-pi%E9%8C%A2%E5%8C%85app-%E5%90%88%E4%BD%9C%E5%BA%97%E5%AE%B6,
,https://www.money101.com.tw/blog/%E9%9B%86-line-points-%E5%93%AA%E5%BC%B5%E5%8D%A1%E5%9B%9E%E9%A5%8B%E6%9C%80%E9%AB%98-%E4%B8%AD%E4%BF%A1-%E5%AF%8C%E9%82%A6-%E8%81%AF%E9%82%A6%E5%93%AA%E5%BC%B5%E5%A5%BD,
,https://www.money101.com.tw/blog/apple-shortcut-%E6%8D%B7%E5%BE%91-%E8%85%B3%E6%9C%AC-%E8%A1%8C%E5%8B%95%E6%94%AF%E4%BB%98-%E4%BB%98%E6%AC%BE,
,https://www.money101.com.tw/blog/%E5%89%B5%E6%A5%AD%E5%8A%A0%E7%9B%9F-%E8%B7%AF%E6%98%93%E8%8E%8E-85%E5%BA%A6c-cama-%E5%92%96%E5%95%A1%E5%8A%A0%E7%9B%9F%E9%87%91%E6%AF%94%E4%B8%80%E6%AF%94,
,https://www.money101.com.tw/blog/%E9%9B%BB%E6%9A%96%E5%99%A8%E6%80%8E%E9%BA%BC%E9%81%B8%E5%93%AA%E5%80%8B%E6%AF%94%E8%BC%83%E7%9C%81%E9%9B%BB%E9%9B%BB%E6%9A%96%E5%99%A8%E7%A8%AE%E9%A1%9E%E6%8E%A8%E8%96%A6%E5%84%AA,
,https://www.money101.com.tw/blog/%E5%B9%B4%E5%BA%95%E8%B2%B7%E8%BB%8A-%E8%B2%B7%E8%BB%8A-%E6%B3%A8%E6%84%8F%E4%BA%8B%E9%A0%85,
,https://www.money101.com.tw/blog/%E5%90%84%E5%AE%B6%E9%8A%80%E8%A1%8C%E4%BB%A3%E7%A2%BC-%E4%BB%A3%E8%99%9F%E6%9F%A5%E8%A9%A2%E4%B8%80%E8%A6%BD%E8%A1%A8,
,https://www.money101.com.tw/blog/%E7%94%B3%E8%BE%A6%E4%BF%A1%E7%94%A8%E5%8D%A1%E5%89%8D%E6%9C%80%E5%B8%B8%E6%8F%90%E5%87%BA%E7%9A%845%E5%A4%A7%E5%95%8F%E9%A1%8C,
,https://www.money101.com.tw/blog/%E8%81%96%E8%AA%95%E7%AF%80-%E4%BA%A4%E6%8F%9B%E7%A6%AE%E7%89%A9-%E6%8E%A8%E8%96%A6-%E7%8F%BE%E9%87%91%E5%9B%9E%E9%A5%8B,
,https://www.money101.com.tw/blog/%E9%9B%BB%E5%AD%90%E6%94%AF%E4%BB%98-%E8%BD%89%E5%B8%B3-%E7%B9%B3%E8%B2%BB-%E7%B9%B3%E7%A8%85,
,https://www.money101.com.tw/blog/apple-pay-%E6%80%8E%E9%BA%BC%E7%94%A8-%E7%B6%81%E5%AE%9A-%E4%BF%A1%E7%94%A8%E5%8D%A1-%E9%87%91%E8%9E%8D%E5%8D%A1%E7%9A%86%E5%8F%AF%E7%94%A8,
,https://www.money101.com.tw/blog/%E5%AF%B6%E9%9B%85%E7%B7%9A%E4%B8%8A%E8%B2%B7-%E4%BF%A1%E7%94%A8%E5%8D%A1%E6%8E%A8%E8%96%A6-poyabuy,
,https://www.money101.com.tw/blog/%E8%81%AF%E9%82%A6%E7%B6%A0%E5%8D%A1-%E4%B8%8A%E5%B8%82-%E5%84%AA%E8%B2%BB%E6%AC%8A%E7%9B%8A-%E5%B9%B4%E8%B2%BB%E8%A6%8F%E5%AE%9A,
,https://www.money101.com.tw/blog/apple-homepod-mini-%E8%A9%95%E5%83%B9-%E6%AF%94%E8%BC%83,
,https://www.money101.com.tw/blog/%E7%9B%B4%E9%8A%B7-%E8%80%81%E9%BC%A0%E6%9C%83-%E5%A4%9A%E5%B1%A4%E6%AC%A1%E5%82%B3%E9%8A%B7-%E8%A2%AB%E5%8B%95%E6%94%B6%E5%85%A5,
,https://www.money101.com.tw/blog/%E4%B8%AD%E5%85%83%E7%AF%80-%E5%A4%A7%E8%B3%A3%E5%A0%B4-%E9%87%8F%E8%B2%A9%E5%BA%97-%E4%BF%A1%E7%94%A8%E5%8D%A1-%E5%84%AA%E6%83%A0,
,https://www.money101.com.tw/blog/%E4%B8%AD%E5%85%83%E6%99%AE%E6%B8%A1-%E6%B0%B4%E6%9E%9C-%E4%BE%9B%E5%93%81-%E6%99%82%E9%96%93,
,https://www.money101.com.tw/blog/%E7%99%BE%E8%B2%A8%E8%81%AF%E5%90%8D%E4%BF%A1%E7%94%A8%E5%8D%A1,
,https://www.money101.com.tw/blog/%E5%A4%96%E9%80%81%E5%93%A1%E8%96%AA%E6%B0%B4%E6%80%8E%E9%BA%BC%E7%AE%97,
,https://www.money101.com.tw/blog/%E5%85%A8%E5%9C%8B%E9%9B%BB%E5%AD%90-%E8%B2%B7%E5%86%B7%E6%B0%A3-%E5%AE%89%E8%A3%9D-%E5%BB%B6%E9%95%B7%E4%BF%9D%E5%9B%BA,
,https://www.money101.com.tw/blog/%E6%A8%99%E6%9C%83%E8%B3%BA%E4%BB%80%E9%BA%BC-%E5%85%A7%E6%A8%99%E6%9C%83-%E6%A8%99%E6%9C%83%E8%A8%88%E7%AE%97,
,https://www.money101.com.tw/blog/%E9%87%8F%E8%B2%A9%E8%B3%A3%E5%A0%B4%E4%BF%A1%E7%94%A8%E5%8D%A1,
,https://www.money101.com.tw/blog/%E5%86%B7%E6%B0%A3%E4%B8%8D%E5%86%B7-%E7%B5%90%E9%9C%9C-%E7%95%B0%E5%91%B3-%E6%B8%85%E6%B4%97-%E4%BF%AE%E7%90%86,
,https://www.money101.com.tw/blog/%E5%86%B7%E6%B0%A3%E5%B0%8F%E5%B8%B8%E8%AD%98-%E5%86%B7%E6%B0%A3%E6%BB%B4%E6%B0%B4%E6%88%96%E6%BC%8F%E6%B0%B4%E8%A9%B2%E6%80%8E%E9%BA%BC%E8%BE%A6%E6%90%9E%E6%87%82-5,
,https://www.money101.com.tw/blog/%E4%B8%AD%E7%8D%8E%E7%99%BC%E7%A5%A8%E5%8A%A0%E7%A2%BC,
,https://www.money101.com.tw/blog/%E8%BB%8A%E5%B8%82%E6%80%A5%E5%87%8D-%E5%BE%8C%E7%96%AB%E6%83%85%E6%99%82%E4%BB%A3%E8%B2%B7%E8%BB%8A%E6%9B%B4%E5%84%AA%E6%83%A0%E6%9C%80%E6%96%B0%E8%B3%BC%E8%BB%8A%E5%84%AA%E6%83%A0%E4%B8%80,
,https://www.money101.com.tw/blog/%E8%B2%B7%E8%8F%9C%E4%B8%8D%E5%87%BA%E9%96%80-%E8%B3%A3%E5%A0%B4-%E5%B0%8F%E8%BE%B2-%E6%9C%89%E6%A9%9F%E8%94%AC%E8%8F%9C%E7%AE%B1%E6%AF%94%E4%B8%80%E6%AF%94-%E4%BF%A1%E7%94%A8%E5%8D%A1,
,https://www.money101.com.tw/blog/%E9%80%9F%E9%A3%9F-%E4%BF%A1%E7%94%A8%E5%8D%A1-%E5%88%B7%E5%8D%A1-%E8%A1%8C%E5%8B%95%E6%94%AF%E4%BB%98-%E9%BA%A5%E7%95%B6%E5%8B%9E-%E8%82%AF%E5%BE%B7%E5%9F%BA,
,https://www.money101.com.tw/blog/%E6%A8%82%E5%A4%A9%E9%8A%80%E8%A1%8C-12-%E5%A4%A7%E6%9C%8D%E5%8B%99%E4%B8%8A%E7%B7%9A-%E6%94%9C%E6%89%8B-pi-%E6%8B%8D%E9%8C%A2%E5%8C%85-%E6%9C%80%E9%AB%98%E6%B4%BB%E5%84%B21%E7%84%A1%E4%B8%8A%E9%99%90,
,https://www.money101.com.tw/blog/%E7%94%9F%E9%AE%AE%E8%94%AC%E6%9E%9C%E9%80%81%E5%88%B0%E5%AE%B6-%E7%86%8A%E5%AA%BD%E5%AA%BD-%E6%84%9B%E4%B8%8A%E6%96%B0%E9%AE%AE-%E8%94%AC%E9%84%89%E8%B2%B7%E8%8F%9C%E7%B6%B2%E6%AF%94,
,https://www.money101.com.tw/blog/%E5%AF%A6%E5%90%8D%E5%88%B6%E5%95%9F%E5%8B%95%E6%82%A0%E9%81%8A%E5%8D%A1-%E4%B8%80%E5%8D%A1%E9%80%9A-icash-%E4%B8%89%E5%A4%A7%E9%9B%BB%E5%AD%90%E7%A5%A8%E8%AD%89%E5%A6%82,
,https://www.money101.com.tw/blog/%E5%88%86%E9%9B%A2%E5%BC%8F%E5%86%B7%E6%B0%A3%E5%84%AA%E7%BC%BA%E9%BB%9E%E6%AF%94%E8%BC%83-3%E6%AC%BE%E7%AF%80%E8%83%BD%E5%86%B7%E6%B0%A3%E6%8E%A8%E8%96%A6,
,https://www.money101.com.tw/blog/%E6%9C%80%E6%96%B0%E5%A4%A7%E8%8B%91%E5%AD%90%E8%8F%9C%E5%96%AE%E6%8E%A8%E8%96%A6-%E4%BF%A1%E7%94%A8%E5%8D%A1%E9%80%99%E6%A8%A3%E5%88%B7%E6%9C%80%E5%84%AA%E6%83%A0,
,https://www.money101.com.tw/blog/asiayo%E8%A8%82%E6%88%BF%E7%B6%B2%E5%B8%B6%E4%BD%A0%E8%B8%8F%E9%81%8D%E4%BA%9E%E6%B4%B2%E8%AA%8D%E8%AD%98asiayo-%E6%9C%80%E6%96%B0%E5%84%AA%E6%83%A0%E7%A2%BC%E6%95%B4%E7%90%86,
,https://www.money101.com.tw/blog/kkday-%E6%9C%80%E6%96%B0%E6%8A%98%E6%89%A3%E7%A2%BC%E5%8F%8A%E4%BF%A1%E7%94%A8%E5%8D%A1%E5%84%AA%E6%83%A0,
,https://www.money101.com.tw/blog/%E5%85%A8%E5%AE%B6app-%E5%8F%8B%E5%96%84%E9%A3%9F%E5%85%89%E5%9C%B0%E5%9C%96%E4%B8%8A%E7%B7%9A-%E9%81%BF%E5%85%8D%E6%B5%AA%E8%B2%BB%E5%8F%88%E7%9C%81%E9%8C%A2,
,https://www.money101.com.tw/blog/%E8%90%8A%E7%88%BE%E5%AF%8C%E5%BA%97%E5%88%B0%E5%BA%97%E6%95%99%E5%AD%B8-%E5%B0%BA%E5%AF%B8%E5%A4%A7%E5%B0%8F-%E9%81%8B%E8%B2%BB%E5%A4%9A%E5%B0%91%E4%B8%80%E6%AC%A1%E7%9C%8B,
,https://www.money101.com.tw/blog/ok%E8%B6%85%E5%95%86%E5%88%B7%E5%8D%A1-%E4%BF%A1%E7%94%A8%E5%8D%A1-%E8%A1%8C%E5%8B%95%E6%94%AF%E4%BB%98%E6%8E%A8%E8%96%A6,
,https://www.money101.com.tw/blog/google%E9%9B%B2%E7%AB%AF%E7%A1%AC%E7%A2%9F%E5%8D%87%E7%B4%9A-google-one%E8%B2%BB%E7%94%A8-%E7%A9%BA%E9%96%93%E5%8F%8A%E4%BF%A1%E7%94%A8%E5%8D%A1%E6%8E%A8%E8%96%A6,
,https://www.money101.com.tw/blog/%E6%84%9B%E5%AE%B6%E6%97%8F%E5%BF%85%E5%82%99-3-%E5%BC%B5%E4%BF%A1%E7%94%A8%E5%8D%A1-%E5%8A%A0%E6%B2%B9-%E5%B1%85%E5%AE%B6%E6%B8%85%E6%BD%94-%E8%B2%B7%E6%88%BF%E8%A8%82%E9%87%91,
,https://www.money101.com.tw/blog/%E5%81%A5%E8%BA%AB%E6%88%BF-%E9%81%8B%E5%8B%95%E4%B8%AD%E5%BF%83-%E5%81%A5%E8%BA%AB%E5%B7%A5%E5%BB%A0-%E8%B2%BB%E7%94%A8%E8%A8%AD%E5%82%99%E6%AF%94%E8%BC%83-%E4%BF%A1%E7%94%A8%E5%8D%A1%E6%8E%A8,
,https://www.money101.com.tw/blog/%E8%80%81%E9%A5%95%E5%BF%85%E5%82%99-3-%E5%BC%B5%E7%BE%8E%E9%A3%9F%E6%8E%A7%E4%BF%A1%E7%94%A8%E5%8D%A1%E6%8E%A8%E8%96%A6-26%E5%AE%B6%E4%BB%A5%E4%B8%8A%E9%A4%90%E5%BB%B3%E7%BE%8E,
,https://www.money101.com.tw/blog/%E6%98%9F%E5%B7%B4%E5%85%8B%E5%92%96%E5%95%A1%E8%A8%82%E9%96%B1%E6%9C%8D%E5%8B%99%E4%B8%8A%E8%B7%AF-%E5%AF%84%E6%9D%AF-%E6%98%9F%E6%84%8F%E7%A6%AE-%E6%93%8D%E4%BD%9C%E6%96%B9%E5%BC%8F%E4%B8%80,
,https://www.money101.com.tw/blog/open-%E9%8C%A2%E5%8C%85%E7%B6%81%E5%93%AA%E5%AE%B6%E4%BF%A1%E7%94%A8%E5%8D%A1%E5%9B%9E%E9%A5%8B%E6%9C%80%E9%AB%98,
,https://www.money101.com.tw/blog/pxgo-%E5%85%A8%E8%81%AF%E7%B7%9A%E4%B8%8A%E8%B3%BC%E8%BE%A6%E5%B9%B4%E8%B2%A8-%E5%AE%85%E9%85%8D%E5%88%B0%E5%BA%9C%E9%82%84%E5%8F%AF%E8%B7%A8%E5%BA%97%E5%8F%96,
,https://www.money101.com.tw/blog/%E5%AF%B6%E9%9B%85-app-%E8%A1%8C%E5%8B%95%E6%94%AF%E4%BB%98-poya-%E6%94%AF%E4%BB%98%E6%9C%83%E5%93%A1%E4%BF%A1%E7%94%A8%E5%8D%A1%E5%84%AA%E6%83%A0%E6%8E%A8%E8%96%A6,
,https://www.money101.com.tw/blog/%E5%A4%A7%E6%BD%A4%E7%99%BC%E7%B6%B2%E8%B7%AF%E8%B3%BC%E7%89%A9%E4%B8%AD%E5%BF%83-%E5%85%8D%E9%81%8B-%E9%96%80%E6%AA%BB-%E5%AE%85%E9%85%8D,
,https://www.money101.com.tw/blog/%E8%BB%8A%E7%A6%8D%E7%A2%B0%E6%92%9E%E5%BE%8C%E8%A9%B2%E4%B8%8D%E8%A9%B2%E7%A7%BB%E8%BB%8A-%E4%B8%89%E5%A4%A7%E8%99%95%E7%90%86sop%E7%85%A7%E9%81%8E%E4%BE%86,
,https://www.money101.com.tw/blog/%E8%BB%8A%E7%A6%8D%E5%92%8C%E8%A7%A3%E5%A4%B1%E6%95%97%E6%80%8E%E9%BA%BC%E8%BE%A6-%E8%A8%B4%E8%A8%9F%E6%B5%81%E7%A8%8B%E9%80%99%E6%A8%A3%E8%B7%91,
,https://www.money101.com.tw/blog/%E5%B1%85%E5%AE%B6%E6%B8%85%E6%BD%94%E6%9C%8D%E5%8B%99-%E5%91%BC%E5%8F%AB%E9%BB%83%E8%83%8C%E5%BF%83-%E6%BD%94%E5%AE%A2%E5%B9%AB-%E5%BF%AB%E6%BD%94%E6%A8%82-ok%E7%AE%A1%E5%AE%B6-%E5%AA%BD%E5%92%AA,
,https://www.money101.com.tw/blog/%E7%B6%B2%E7%BE%8E%E7%9C%8B%E9%80%99%E9%82%8A%E5%85%A8%E5%8F%B0%E7%99%BE%E8%B2%A8%E5%85%AC%E5%8F%B8%E8%81%96%E8%AA%95%E6%A8%B9%E5%A4%A7%E9%9B%86%E5%90%88-%E9%80%99%E4%BA%9B%E5%9C%B0%E6%96%B9,
,https://www.money101.com.tw/blog/appclips%E6%98%AF%E4%BB%80%E9%BA%BC-%E5%A6%82%E4%BD%95%E4%BD%BF%E7%94%A8,
,https://www.money101.com.tw/blog/%E7%99%BD%E5%8C%85%E8%A6%81%E5%8C%85%E5%A4%9A%E5%B0%91-%E5%A5%A0%E5%84%80%E9%87%91%E9%A1%8D%E8%A1%8C%E6%83%85%E7%A6%81%E5%BF%8C%E4%B8%80%E6%AC%A1%E6%90%9E%E6%87%82,
,https://www.money101.com.tw/blog/%E7%BE%8E%E9%A3%9F%E5%A4%96%E9%80%81%E5%93%A1%E6%9C%89%E4%BF%9D%E9%9A%AA-%E8%BB%8A%E7%A6%8D%E4%B8%8D%E6%80%95%E6%B2%92%E4%BF%9D%E9%9A%9C,
,https://www.money101.com.tw/blog/%E9%96%8B%E8%BB%8A%E5%B0%8F%E6%93%A6%E6%92%9E%E5%88%B0%E5%BA%95%E8%A6%81%E4%B8%8D%E8%A6%81%E5%A0%B1%E8%AD%A6-%E7%B7%8A%E6%80%A5%E6%87%89%E8%AE%8A%E4%B8%89%E6%AD%A5%E9%A9%9F%E7%85%A7%E9%81%8E%E4%BE%86,
,https://www.money101.com.tw/blog/%E6%B1%BD%E8%BB%8A%E5%A0%B1%E5%BB%A2%E5%A6%82%E4%BD%95%E8%BE%A6%E7%90%86%E6%B1%BD%E8%BB%8A%E5%A0%B1%E5%BB%A2%E6%B5%81%E7%A8%8B%E5%A0%B1%E4%BD%A0%E7%9F%A5,
,https://www.money101.com.tw/blog/%E5%85%B1%E4%BA%AB%E6%A9%9F%E8%BB%8A-goshare-%E8%B2%BB%E7%94%A8-%E7%AF%84%E5%9C%8D,
,https://www.money101.com.tw/blog/%E4%B8%AD%E7%A7%8B-%E7%83%A4%E8%82%89-%E9%A3%9F%E6%9D%90-%E6%BA%96%E5%82%99-%E5%A4%A7%E8%B3%A3%E5%A0%B4-%E9%87%8F%E8%B2%A9,
,https://www.money101.com.tw/blog/%E5%85%A8%E5%AE%B6app-%E5%B8%B8%E8%A6%8B%E5%8A%9F%E8%83%BD%E6%95%99%E5%AD%B8%E5%92%96%E5%95%A1%E5%AF%84%E6%9D%AF-%E5%95%86%E5%93%81%E9%A0%90%E5%94%AE%E9%80%99%E6%A8%A3%E8%B2%B7,
,https://www.money101.com.tw/blog/%E6%B0%B4%E8%B2%BB%E7%94%B3%E8%AB%8B%E9%9B%BB%E5%AD%90%E5%B8%B3%E5%96%AE%E7%94%B3%E8%AB%8B%E6%87%B6%E4%BA%BA%E5%8C%85-%E7%92%B0%E4%BF%9D%E9%82%84%E5%8F%AF%E7%9C%81%E8%8D%B7%E5%8C%85,
,https://www.money101.com.tw/blog/%E9%80%80%E4%BC%91%E8%A6%8F%E5%8A%83-%E6%83%B3%E8%A6%81-%E6%8F%90%E6%97%A9-%E9%80%80%E4%BC%91%E5%9B%9B%E5%A4%A7%E6%BA%96%E5%82%99%E4%B8%8D%E5%8F%AF%E5%B0%91,
,https://www.money101.com.tw/blog/%E9%80%80%E7%A7%9F-%E6%8A%BC%E9%87%91-%E8%A2%AB%E6%89%A3-%E5%9B%9B%E6%92%87%E6%AD%A5-%E5%85%AC%E9%81%93,
,https://www.money101.com.tw/blog/%E7%A7%9F%E8%B3%83-%E6%96%B0%E5%88%B6-%E7%B0%BD%E7%A7%9F%E7%B4%84-%E8%87%AA%E4%BF%9D-%E6%8B%9B%E6%95%B8,
,https://www.money101.com.tw/blog/%E9%80%80%E4%BC%91%E9%87%91-%E8%A6%8F%E5%8A%83-%E8%B3%87%E7%94%A2-%E6%8A%95%E8%B3%87-%E9%85%8D%E7%BD%AE,
,https://www.money101.com.tw/blog/%E7%A7%9F%E5%B1%8B-%E7%9C%8B%E5%B1%8B-%E6%8C%91%E6%88%BF%E6%9D%B1-%E5%85%AD%E5%A4%A7%E7%B4%B0%E7%AF%80,
,https://www.money101.com.tw/blog/gogoro-kymco-emoving-%E5%85%85%E9%9B%BB%E7%AB%99-%E9%9B%BB%E6%B1%A0-%E5%83%B9%E6%A0%BC-%E6%96%B9%E6%A1%88%E6%AF%94%E8%BC%83,
,https://www.money101.com.tw/blog/%E9%9B%BB%E5%8B%95%E6%A9%9F%E8%BB%8A-wemo-%E8%A8%BB%E5%86%8A-%E7%A7%9F%E5%80%9F-%E7%87%9F%E9%81%8B%E7%AF%84%E5%9C%8D,
,https://www.money101.com.tw/blog/%E8%AA%B0%E8%AA%AA%E7%B4%AF%E7%A9%8D%E5%93%A9%E7%A8%8B%E4%B8%80%E5%AE%9A%E8%A6%81%E6%90%AD%E9%A3%9B%E6%A9%9F%E4%BA%9E%E6%B4%B2%E8%90%AC%E9%87%8C%E9%80%9A%E5%8B%87%E9%97%96%E5%AF%B6%E5%B3%B6,
,https://www.money101.com.tw/blog/youbike-2-0-%E8%A9%A6%E7%87%9F%E9%81%8B%E4%B8%8A%E8%B7%AF-%E7%AB%99%E9%BB%9E%E5%9C%A8%E5%93%AA%E8%A3%A1%E8%B2%BB%E7%8E%87%E4%B8%80%E6%A8%A3%E5%97%8E%E5%B8%B8%E8%A6%8B%E5%95%8F,
,https://www.money101.com.tw/blog/%E6%97%A5%E6%9C%AC-%E7%B6%B2%E8%B7%AF%E6%BC%AB%E9%81%8A-%E8%B3%87%E8%B2%BB-%E4%B8%AD%E8%8F%AF%E9%9B%BB%E4%BF%A1-%E9%81%A0%E5%82%B3-%E5%8F%B0%E7%81%A3%E5%A4%A7%E5%93%A5%E5%A4%A7,
